PersId,Name,EuParty,Country,NationalParty,LeaveDate,EntryDate
197490,Magdalena Adamowicz,EPP,Poland,Independent,2024-07-02,2019-06-02
189525,Asim Ademov,EPP,Bulgaria,Citizens for European Development of Bulgaria,2024-07-02,2019-06-02
124831,Isabella Adinolfi,EPP,Italy,Forza Italia,2024-07-02,2019-06-02
197826,Matteo Adinolfi,ID,Italy,Lega,2024-07-02,2019-06-02
197403,Alex Agius Saliba,S&D,Malta,Partit Laburista,2024-07-02,2019-06-02
198096,Mazaly Aguilar,ECR,Spain,VOX,2024-07-02,2019-06-02
125045,Clara Aguilera,S&D,Spain,Partido Socialista Obrero Español,2024-07-02,2019-06-02
204335,Alviina Alametsä,Greens/EFA,Finland,Vihreä liitto,2024-07-02,2020-02-01
237224,João Albuquerque,S&D,Portugal,Partido Socialista,2024-07-02,2022-09-13
197836,Alexander Alexandrov Yordanov,EPP,Bulgaria,Union of Democratic Forces,2024-07-02,2019-06-02
96750,François Alfonsi,Greens/EFA,France,Régions et Peuples Solidaires,2024-07-02,2019-06-02
197848,Atidzhe Alieva-Veli,Renew,Bulgaria,Movement for Rights and Freedoms,2024-07-02,2019-06-02
197400,Abir Al-Sahlani,Renew,Sweden,Centerpartiet,2024-07-02,2019-06-02
247122,Catherine Amalric,Renew,France,Parti Radical,2024-07-02,2023-08-10
197783,Andris Ameriks,S&D,Latvia,Gods kalpot Rīgai,2024-07-02,2019-06-02
197475,Christine Anderson,ID,Germany,Alternative für Deutschland,2024-07-02,2019-06-02
197448,Rasmus Andresen,Greens/EFA,Germany,Bündnis 90/Die Grünen,2024-07-02,2019-06-02
204332,Barry Andrews,Renew,Ireland,Fianna Fáil Party,2024-07-02,2020-02-01
197691,Mathilde Androuët,ID,France,Rassemblement national,2024-07-02,2019-06-02
202073,Marc Angel,S&D,Luxembourg,Parti ouvrier socialiste luxembourgeois,2024-07-02,2019-12-10
124973,Gerolf Annemans,ID,Belgium,Vlaams Belang,2024-07-02,2019-06-02
124696,Andrus Ansip,Renew,Estonia,Eesti Reformierakond,2024-07-02,2019-06-02
197587,Attila Ara-Kovács,S&D,Hungary,Demokratikus Koalíció,2024-07-02,2019-06-02
124936,Maria Arena,S&D,Belgium,Parti Socialiste,2024-07-02,2019-06-02
96808,Pablo Arias Echeverría,EPP,Spain,Partido Popular,2024-07-02,2019-06-02
24922,Pascal Arimont,EPP,Belgium,Christlich Soziale Partei,2024-07-02,2019-06-02
197701,Konstantinos Arvanitis,The Left,Greece,Coalition of the Radical Left,2024-07-02,2019-06-02
197695,Anna-Michelle Asimakopoulou,EPP,Greece,Nea Demokratia,2024-07-02,2019-06-02
197533,Manon Aubry,The Left,France,La France Insoumise,2024-07-02,2019-06-02
28161,Margrete Auken,Greens/EFA,Denmark,Socialistisk Folkeparti,2024-07-02,2019-06-02
124766,Petras Auštrevičius,Renew,Lithuania,Lietuvos Respublikos liberalų sąjūdis,2024-07-02,2019-06-02
197651,Carmen Avram,S&D,Romania,Partidul Social Democrat,2024-07-02,2019-06-02
197781,Malik Azmani,Renew,Netherlands,Volkspartij voor Vrijheid en Democratie,2024-07-02,2019-06-02
247735,Laura Ballarín Cereza,S&D,Spain,Partido Socialista Obrero Español,2024-07-02,2023-09-06
197495,Marek Paweł Balt,S&D,Poland,Nowa Lewica,2024-07-02,2019-06-02
131580,Jordan Bardella,ID,France,Rassemblement national,2024-07-02,2019-06-02
197433,Katarina Barley,S&D,Germany,Sozialdemokratische Partei Deutschlands,2024-07-02,2019-06-02
197808,Pietro Bartolo,S&D,Italy,Partito Democratico,2024-07-02,2019-06-02
197671,Traian Băsescu,EPP,Romania,Partidul Mișcarea Populară,2024-07-02,2019-06-02
197610,Alessandra Basso,ID,Italy,Lega,2024-07-02,2019-06-02
197779,José Ramón Bauzá Díaz,Renew,Spain,Ciudadanos – Partido de la Ciudadanía,2024-07-02,2019-06-02
124760,Nicolas Bay,ECR,France,Reconquête!,2024-07-02,2019-06-02
132191,Gunnar Beck,ID,Germany,Alternative für Deutschland,2024-07-02,2019-06-02
124777,Tiziana Beghin,NI,Italy,Movimento 5 Stelle,2024-07-02,2019-06-02
197680,Aurélia Beigneux,ID,France,Rassemblement national,2024-07-02,2019-06-02
197496,Marek Belka,S&D,Poland,Nowa Lewica,2024-07-02,2019-06-02
197534,François-Xavier Bellamy,EPP,France,Les Républicains,2024-07-02,2019-06-02
197658,Adrian-Dragoş Benea,S&D,Romania,Partidul Social Democrat,2024-07-02,2019-06-02
124867,Brando Benifei,S&D,Italy,Partito Democratico,2024-07-02,2019-06-02
197679,Isabel Benjumea Benjumea,EPP,Spain,Partido Popular,2024-07-02,2019-06-02
23868,Monika Beňová,NI,Slovakia,SMER-Sociálna demokracia,2024-07-02,2019-06-02
197408,Hildegard Bentele,EPP,Germany,Christlich Demokratische Union Deutschlands,2024-07-02,2019-06-02
197778,Tom Berendsen,EPP,Netherlands,Christen Democratisch Appèl,2024-07-02,2019-06-02
197478,Lars Patrick Berg,ECR,Germany,Bündnis Deutschland,2024-07-02,2019-06-02
197410,Stefan Berger,EPP,Germany,Christlich Demokratische Union Deutschlands,2024-07-02,2019-06-02
4746,Sergio Berlato,ECR,Italy,Fratelli d'Italia,2024-07-02,2020-02-01
197648,Alexander Bernhuber,EPP,Austria,Österreichische Volkspartei,2024-07-02,2019-06-02
197498,Robert Biedroń,S&D,Poland,Nowa Lewica,2024-07-02,2019-06-02
23788,Adam Bielan,ECR,Poland,Prawo i Sprawiedliwość,2024-07-02,2019-06-02
197551,Stéphane Bijoux,Renew,France,La République en marche,2024-07-02,2019-06-02
96922,Izaskun Bilbao Barandica,Renew,Spain,Partido Nacionalista Vasco,2024-07-02,2019-06-02
197771,Vladimír Bilčík,EPP,Slovakia,Independent,2024-07-02,2019-06-02
124771,Dominique Bilde,ID,France,Rassemblement national,2024-07-02,2019-06-02
197435,Gabriele Bischoff,S&D,Germany,Sozialdemokratische Partei Deutschlands,2024-07-02,2019-06-02
197512,Benoît Biteau,Greens/EFA,France,Europe Écologie,2024-07-02,2019-06-02
124992,Malin Björk,The Left,Sweden,Vänsterpartiet,2024-07-02,2019-06-02
197637,Vasile Blaga,EPP,Romania,Partidul Naţional Liberal,2024-07-02,2019-06-02
197564,Hynek Blaško,NI,Czechia,Aliance národních sil,2024-07-02,2019-06-02
96681,Vilija Blinkevičiūtė,S&D,Lithuania,Lietuvos socialdemokratų partija,2024-07-02,2019-06-02
197449,Michael Bloss,Greens/EFA,Germany,Bündnis 90/Die Grünen,2024-07-02,2019-06-02
124712,Andrea Bocskor,NI,Hungary,Fidesz-Magyar Polgári Szövetség-Kereszténydemokrata Néppárt,2024-07-02,2019-06-02
197439,Damian Boeselager,Greens/EFA,Germany,Volt,2024-07-02,2019-06-02
197636,Ioan-Rareş Bogdan,EPP,Romania,Partidul Naţional Liberal,2024-07-02,2019-06-02
125004,Franc Bogovič,EPP,Slovenia,Slovenska ljudska stranka,2024-07-02,2019-06-02
197788,Anna Bonfrisco,ID,Italy,Lega,2024-07-02,2019-06-02
101039,Paolo Borchia,ID,Italy,Lega,2024-07-02,2019-06-02
112748,Biljana Borzan,S&D,Croatia,Socijaldemokratska partija Hrvatske,2024-07-02,2019-06-02
187917,Marc Botenga,The Left,Belgium,Parti du Travail de Belgique,2024-07-02,2019-06-02
197668,Vlad-Marius Botoş,Renew,Romania,Uniunea Salvați România,2024-07-02,2019-06-02
197467,Geert Bourgeois,ECR,Belgium,Nieuw-Vlaamse Alliantie,2024-07-02,2019-06-02
197577,Gilles Boyer,Renew,France,Horizons,2024-07-02,2019-06-02
226260,Karolin Braunsberger-Reinhold,EPP,Germany,Christlich Demokratische Union Deutschlands,2024-07-02,2021-10-07
251324,Krzysztof Brejza,EPP,Poland,Platforma Obywatelska,2024-07-02,2024-01-03
28346,Mercedes Bresso,S&D,Italy,Partito Democratico,2024-07-02,2023-04-06
197431,Patrick Breyer,Greens/EFA,Germany,Piratenpartei Deutschland,2024-07-02,2019-06-02
197446,Milan Brglez,S&D,Slovenia,Socialni demokrati,2024-07-02,2019-06-02
197470,Saskia Bricmont,Greens/EFA,Belgium,Ecologistes Confédérés pour l'Organisation de Luttes Originales,2024-07-02,2019-06-02
197501,Joachim Stanisław Brudziński,ECR,Poland,Prawo i Sprawiedliwość,2024-07-02,2019-06-02
182995,Annika Bruna,ID,France,Rassemblement national,2024-07-02,2019-06-02
197576,Sylvie Brunet,Renew,France,Mouvement Démocrate,2024-07-02,2019-06-02
128483,Markus Buchheit,ID,Germany,Alternative für Deutschland,2024-07-02,2019-06-02
125012,Daniel Buda,EPP,Romania,Partidul Naţional Liberal,2024-07-02,2019-06-02
4267,Udo Bullmann,S&D,Germany,Sozialdemokratische Partei Deutschlands,2024-07-02,2019-06-02
197440,Delara Burkhardt,S&D,Germany,Sozialdemokratische Partei Deutschlands,2024-07-02,2019-06-02
197434,Martin Buschmann,NI,Germany,Independent,2024-07-02,2019-06-02
38420,Cristian-Silviu Buşoi,EPP,Romania,Partidul Naţional Liberal,2024-07-02,2019-06-02
96739,Reinhard Bütikofer,Greens/EFA,Germany,Bündnis 90/Die Grünen,2024-07-02,2019-06-02
197829,Jorge Buxadé Villalba,ECR,Spain,VOX,2024-07-02,2019-06-02
28269,Jerzy Buzek,EPP,Poland,Platforma Obywatelska,2024-07-02,2019-06-02
35016,Marco Campomenosi,ID,Italy,Lega,2024-07-02,2019-06-02
126644,Jordi Cañas,Renew,Spain,Ciudadanos – Partido de la Ciudadanía,2024-07-02,2019-06-02
96711,Pascal Canfin,Renew,France,Liste Renaissance,2024-07-02,2019-06-02
197574,Damien Carême,Greens/EFA,France,Europe Écologie,2024-07-02,2019-06-02
250572,Patricia Caro Maya,The Left,Spain,PODEMOS,2024-07-02,2023-11-30
199996,Isabel Carvalhais,S&D,Portugal,Partido Socialista,2024-07-02,2019-09-03
28122,David Casa,EPP,Malta,Partit Nazzjonalista,2024-07-02,2019-06-02
197796,Massimo Casanova,ID,Italy,Lega,2024-07-02,2019-06-02
28219,Daniel Caspary,EPP,Germany,Christlich Demokratische Union Deutschlands,2024-07-02,2019-06-02
124812,Fabio Massimo Castaldo,Renew,Italy,Azione,2024-07-02,2019-06-02
28390,Pilar Del Castillo Vera,EPP,Spain,Partido Popular,2024-07-02,2019-06-02
86793,Anna Cavazzini,Greens/EFA,Germany,Bündnis 90/Die Grünen,2024-07-02,2019-06-02
197786,Susanna Ceccardi,ID,Italy,Lega,2024-07-02,2019-06-02
197641,Sara Cerdas,S&D,Portugal,Partido Socialista,2024-07-02,2019-06-02
197505,Catherine Chabaud,Renew,France,Mouvement Démocrate,2024-07-02,2019-06-02
236052,Patricia Chagnon,ID,France,Rassemblement national,2024-07-02,2022-07-29
197782,Mohammed Chahim,S&D,Netherlands,Partij van de Arbeid,2024-07-02,2019-06-02
197529,Leila Chaibi,The Left,France,La France Insoumise,2024-07-02,2019-06-02
124708,Dita Charanzová,Renew,Czechia,Independent,2024-07-02,2019-06-02
197463,Olivier Chastel,Renew,Belgium,Mouvement Réformateur,2024-07-02,2019-06-02
124861,Caterina Chinnici,EPP,Italy,Forza Italia,2024-07-02,2019-06-02
197558,Asger Christensen,Renew,Denmark,"Venstre, Danmarks Liberale Parti",2024-07-02,2019-06-02
204416,Ilana Cicurel,Renew,France,Liste Renaissance,2024-07-02,2020-02-01
197507,Włodzimierz Cimoszewicz,S&D,Poland,Sojusz Lewicy Demokratycznej - Unia Pracy,2024-07-02,2019-06-02
183793,Angelo Ciocca,ID,Italy,Lega,2024-07-02,2019-06-02
197631,Dacian Cioloş,Renew,Romania,Reînnoim Proiectul European al României,2024-07-02,2019-06-02
197657,Tudor Ciuhodaru,NI,Romania,Alianța pentru Unirea Românilor,2024-07-02,2019-06-02
245018,Christophe Clergeau,S&D,France,Parti socialiste,2024-07-02,2023-06-02
124988,Deirdre Clune,EPP,Ireland,Fine Gael Party,2024-07-02,2020-02-01
1892,Carlos Coelho,EPP,Portugal,Partido Social Democrata,2024-07-02,2023-07-07
197536,Nathalie Colin-Oesterlé,EPP,France,Les centristes,2024-07-02,2019-06-02
247737,Ana Collado Jiménez,EPP,Spain,Partido Popular,2024-07-02,2023-09-06
197683,Gilbert Collard,NI,France,Divers droite,2024-07-02,2019-06-02
96775,Lara Comi,EPP,Italy,Forza Italia,2024-07-02,2022-11-02
202352,Antoni Comín I Oliveres,NI,Spain,Junts per Catalunya - Lliures per Europa,2024-07-02,2019-06-02
197616,Rosanna Conte,ID,Italy,Lega,2024-07-02,2019-06-02
197503,David Cormand,Greens/EFA,France,Europe Écologie,2024-07-02,2019-06-02
124856,Ignazio Corrao,Greens/EFA,Italy,Independent,2024-07-02,2019-06-02
240478,Beatrice Covassi,S&D,Italy,Partito Democratico,2024-07-02,2022-12-06
96880,Andrea Cozzolino,NI,Italy,Partito Democratico,2024-07-02,2019-06-02
33997,Corina Crețu,S&D,Romania,PRO Romania,2024-07-02,2019-06-02
197588,Katalin Cseh,Renew,Hungary,Momentum,2024-07-02,2019-06-02
197654,Ciarán Cuffe,Greens/EFA,Ireland,Green Party,2024-07-02,2019-06-02
197394,Josianne Cutajar,S&D,Malta,Partit Laburista,2024-07-02,2019-06-02
28372,Ryszard Czarnecki,ECR,Poland,Prawo i Sprawiedliwość,2024-07-02,2019-06-02
183338,Jakop G. Dalunde,Greens/EFA,Sweden,Miljöpartiet de gröna,2024-07-02,2020-02-01
197731,Clare Daly,The Left,Ireland,Independents for change,2024-07-02,2019-06-02
124835,Rosa D'amato,Greens/EFA,Italy,Independent,2024-07-02,2019-06-02
96747,Arnaud Danjean,EPP,France,Les Républicains,2024-07-02,2019-06-02
124821,Nicola Danti,Renew,Italy,Italia Viva – Il Centro,2024-07-02,2019-09-05
239258,Maria Angela Danzì,NI,Italy,Movimento 5 Stelle,2024-07-02,2022-11-02
197608,Gianantonio Da Re,ID,Italy,Lega,2024-07-02,2019-06-02
236050,Marie Dauchy,ID,France,Rassemblement national,2024-07-02,2022-07-29
197556,Ivan David,ID,Czechia,Svoboda a přímá demokracie,2024-07-02,2019-06-02
239262,Elisabetta De Blasis,ECR,Italy,FRATELLI D' ITALIA,2024-07-02,2022-11-02
228604,Ilan De Basso,S&D,Sweden,Arbetarepartiet- Socialdemokraterna,2024-07-02,2021-12-13
96891,Paolo De Castro,S&D,Italy,Partito Democratico,2024-07-02,2019-06-02
197504,Jérémy Decerle,Renew,France,Liste L'Europe Ensemble,2024-07-02,2019-06-02
197531,Gwendoline Delbos-Corfield,Greens/EFA,France,Europe Écologie,2024-07-02,2019-06-02
124714,Andor Deli,NI,Hungary,Fidesz-Magyar Polgári Szövetség-Kereszténydemokrata Néppárt,2024-07-02,2019-06-02
96868,Karima Delli,Greens/EFA,France,Europe Écologie,2024-07-02,2019-06-02
197472,Filip De Man,ID,Belgium,Vlaams Belang,2024-07-02,2019-06-02
204333,Salvatore De Meo,EPP,Italy,Forza Italia,2024-07-02,2020-02-01
197468,Özlem Demirel,The Left,Germany,DIE LINKE.,2024-07-02,2019-06-02
197453,Anna Deparnay-Grunenberg,Greens/EFA,Germany,Bündnis 90/Die Grünen,2024-07-02,2019-06-02
96826,Tamás Deutsch,NI,Hungary,Fidesz-Magyar Polgári Szövetség-Kereszténydemokrata Néppárt,2024-07-02,2019-06-02
190774,Geoffroy Didier,EPP,France,Les Républicains,2024-07-02,2019-06-02
124709,Martina Dlabajová,Renew,Czechia,Independent,2024-07-02,2019-06-02
197579,Klára Dobrev,S&D,Hungary,Demokratikus Koalíció,2024-07-02,2019-06-02
197473,Christian Doleschal,EPP,Germany,Christlich-Soziale Union in Bayern e.V.,2024-07-02,2019-06-02
197595,Anna Júlia Donáth,Renew,Hungary,Momentum,2024-07-02,2019-06-02
197822,Francesca Donato,NI,Italy,Democrazia Cristiana,2024-07-02,2019-06-02
96787,Herbert Dorfmann,EPP,Italy,Südtiroler Volkspartei,2024-07-02,2019-06-02
197510,Jarosław Duda,EPP,Poland,Platforma Obywatelska,2024-07-02,2019-06-02
99945,Lena Düpont,EPP,Germany,Christlich Demokratische Union Deutschlands,2024-07-02,2019-06-02
198329,Estrella Durá Ferrandis,S&D,Spain,Partido Socialista Obrero Español,2024-07-02,2019-06-02
124693,Pascal Durand,S&D,France,Liste Renaissance,2024-07-02,2019-06-02
197766,Lucia Ďuriš Nicholsonová,Renew,Slovakia,Independent,2024-07-02,2019-06-02
124873,Angel Dzhambazki,ECR,Bulgaria,VMRO,2024-07-02,2019-06-02
237465,Matthias Ecke,S&D,Germany,Sozialdemokratische Partei Deutschlands,2024-07-02,2022-10-03
28226,Christian Ehler,EPP,Germany,Christlich Demokratische Union Deutschlands,2024-07-02,2019-06-02
96725,Bas Eickhout,Greens/EFA,Netherlands,GroenLinks,2024-07-02,2019-06-02
209091,Cyrus Engerer,S&D,Malta,Partit Laburista,2024-07-02,2020-11-05
96852,Cornelia Ernst,The Left,Germany,DIE LINKE.,2024-07-02,2019-06-02
197430,Engin Eroglu,Renew,Germany,Freie Wähler,2024-07-02,2019-06-02
96811,Rosa Estaràs Ferragut,EPP,Spain,Partido Popular,2024-07-02,2019-06-02
197649,Gheorghe Falcă,EPP,Romania,Partidul Naţional Liberal,2024-07-02,2019-06-02
197589,Laurence Farreng,Renew,France,Mouvement Démocrate,2024-07-02,2019-06-02
1917,Markus Ferber,EPP,Germany,Christlich-Soziale Union in Bayern e.V.,2024-07-02,2019-06-02
125046,Jonás Fernández,S&D,Spain,Partido Socialista Obrero Español,2024-07-02,2019-06-02
192634,Giuseppe Ferrandino,Renew,Italy,Azione,2024-07-02,2019-06-02
124833,Laura Ferrara,NI,Italy,Movimento 5 Stelle,2024-07-02,2019-06-02
197480,Nicolaus Fest,ID,Germany,Alternative für Deutschland,2024-07-02,2019-06-02
96810,Carlo Fidanza,ECR,Italy,Fratelli d'Italia,2024-07-02,2019-06-02
197607,Pietro Fiocchi,ECR,Italy,Fratelli d'Italia,2024-07-02,2019-06-02
197720,Frances Fitzgerald,EPP,Ireland,Fine Gael Party,2024-07-02,2019-06-02
124985,Luke Ming Flanagan,The Left,Ireland,Independent,2024-07-02,2019-06-02
197419,Valter Flego,Renew,Croatia,Istarski demokratski sabor - Dieta democratica istriana,2024-07-02,2019-06-02
28353,Anna Fotyga,ECR,Poland,Prawo i Sprawiedliwość,2024-07-02,2019-06-02
197414,Loucas Fourlas,EPP,Cyprus,Democratic Rally,2024-07-02,2019-06-02
198490,Emmanouil Fragkos,ECR,Greece,Elliniki Lusi-Greek Solution,2024-07-02,2019-07-10
197513,Tomasz Frankowski,EPP,Poland,Platforma Obywatelska,2024-07-02,2019-06-02
197455,Cindy Franssen,EPP,Belgium,Christen-Democratisch & Vlaams,2024-07-02,2019-06-02
193273,Romeo Franz,Greens/EFA,Germany,Bündnis 90/Die Grünen,2024-07-02,2019-06-02
106936,Daniel Freund,Greens/EFA,Germany,Bündnis 90/Die Grünen,2024-07-02,2019-06-02
197391,Heléne Fritzon,S&D,Sweden,Arbetarepartiet- Socialdemokraterna,2024-07-02,2019-06-02
101585,Niels Fuglsang,S&D,Denmark,Socialdemokratiet,2024-07-02,2019-06-02
197795,Mario Furore,NI,Italy,Movimento 5 Stelle,2024-07-02,2019-06-02
2341,Michael Gahler,EPP,Germany,Christlich Demokratische Union Deutschlands,2024-07-02,2019-06-02
28150,Kinga Gál,NI,Hungary,Fidesz-Magyar Polgári Szövetség-Kereszténydemokrata Néppárt,2024-07-02,2019-06-02
197702,Lina Gálvez Muñoz,S&D,Spain,Partido Socialista Obrero Español,2024-07-02,2019-06-02
197632,Claudia Gamon,Renew,Austria,NEOS – Das Neue Österreich,2024-07-02,2019-06-02
197582,Gianna Gancia,ID,Italy,Lega,2024-07-02,2019-06-02
197717,Ibán García Del Blanco,S&D,Spain,Partido Socialista Obrero Español,2024-07-02,2019-06-02
1992,José Manuel García-Margallo Y Marfil,EPP,Spain,Partido Popular,2024-07-02,2019-06-02
197742,Isabel García Muñoz,S&D,Spain,Partido Socialista Obrero Español,2024-07-02,2019-06-02
28298,Iratxe García Pérez,S&D,Spain,Partido Socialista Obrero Español,2024-07-02,2019-06-02
96991,Eider Gardiazabal Rubial,S&D,Spain,Partido Socialista Obrero Español,2024-07-02,2019-06-02
197628,Jean-Paul Garraud,ID,France,Rassemblement national,2024-07-02,2019-06-02
239255,Matteo Gazzini,EPP,Italy,Independent,2024-07-02,2022-11-02
183916,Alexandra Geese,Greens/EFA,Germany,Bündnis 90/Die Grünen,2024-07-02,2019-06-02
96833,Jens Geier,S&D,Germany,Sozialdemokratische Partei Deutschlands,2024-07-02,2019-06-02
197794,Chiara Gemma,ECR,Italy,FRATELLI D' ITALIA,2024-07-02,2019-06-02
197416,Giorgos Georgiou,The Left,Cyprus,Progressive Party of Working People - Left - New Forces,2024-07-02,2019-06-02
197819,Alexis Georgoulis,NI,Greece,Independent,2024-07-02,2019-06-02
251874,Niels Geuking,EPP,Germany,Familien-Partei Deutschlands,2024-07-02,2024-02-05
209140,Vlad Gheorghe,Renew,Romania,Independent,2024-07-02,2020-11-10
239256,Paola Ghidoni,ID,Italy,Lega,2024-07-02,2022-11-02
197804,Dino Giarrusso,NI,Italy,Independent,2024-07-02,2019-06-02
124807,Jens Gieseke,EPP,Germany,Christlich Demokratische Union Deutschlands,2024-07-02,2019-06-02
253008,Linus Glanzelius,S&D,Sweden,Arbetarepartiet- Socialdemokraterna,2024-07-02,2024-02-27
202036,Sunčana Glavak,EPP,Croatia,Hrvatska demokratska zajednica,2024-07-02,2019-12-01
197443,Andreas Glück,Renew,Germany,Freie Demokratische Partei,2024-07-02,2019-06-02
197694,Raphaël Glucksmann,S&D,France,Place publique,2024-07-02,2019-06-02
840,Charles Goerens,Renew,Luxembourg,Parti démocratique,2024-07-02,2019-06-02
197728,Mónica Silvana González,S&D,Spain,Partido Socialista Obrero Español,2024-07-02,2019-06-02
197718,Nicolás González Casares,S&D,Spain,Partido Socialista Obrero Español,2024-07-02,2019-06-02
204419,Sandro Gozi,Renew,France,Liste Renaissance,2024-07-02,2020-02-01
125025,Marcel De Graaff,NI,Netherlands,Forum voor Democratie,2024-07-02,2020-02-01
197799,Valentino Grant,ID,Italy,Lega,2024-07-02,2019-06-02
124785,Maria Grapini,S&D,Romania,Partidul Social Democrat,2024-07-02,2019-06-02
197549,Markéta Gregorová,Greens/EFA,Czechia,PIRÁTI,2024-07-02,2019-06-02
94649,Catherine Griset,ID,France,Rassemblement national,2024-07-02,2019-06-02
197780,Bart Groothuis,Renew,Netherlands,Volkspartij voor Vrijheid en Democratie,2024-07-02,2020-02-01
197452,Klemen Grošelj,Renew,Slovenia,Gibanje Svoboda,2024-07-02,2019-06-02
197557,Christophe Grudler,Renew,France,Mouvement Démocrate,2024-07-02,2019-06-02
204420,Claude Gruffat,Greens/EFA,France,Europe Écologie,2024-07-02,2020-02-01
197618,Elisabetta Gualmini,S&D,Italy,Partito Democratico,2024-07-02,2019-06-02
197645,Francisco Guerreiro,Greens/EFA,Portugal,Independente,2024-07-02,2019-06-02
197543,Bernard Guetta,Renew,France,Liste Renaissance,2024-07-02,2019-06-02
96952,Sylvie Guillaume,S&D,France,Parti socialiste,2024-07-02,2019-06-02
88715,José Gusmão,The Left,Portugal,Bloco de Esquerda,2024-07-02,2019-06-02
198063,Márton Gyöngyösi,NI,Hungary,Jobbik – Konzervatívok,2024-07-02,2019-06-02
96830,Enikő Győri,NI,Hungary,Fidesz-Magyar Polgári Szövetség-Kereszténydemokrata Néppárt,2024-07-02,2019-06-02
23816,András Gyürk,NI,Hungary,Fidesz-Magyar Polgári Szövetség-Kereszténydemokrata Néppárt,2024-07-02,2019-06-02
247709,Anja Haga,EPP,Netherlands,ChristenUnie,2024-07-02,2023-09-05
197444,Svenja Hahn,Renew,Germany,Freie Demokratische Partei,2024-07-02,2019-06-02
197457,Henrike Hahn,Greens/EFA,Germany,Bündnis 90/Die Grünen,2024-07-02,2019-06-02
198176,Roman Haider,ID,Austria,Freiheitliche Partei Österreichs,2024-07-02,2019-06-02
34578,Robert Hajšel,S&D,Slovakia,Independent,2024-07-02,2019-06-02
197596,Teuvo Hakkarainen,ECR,Finland,Perussuomalaiset,2024-07-02,2019-06-02
197514,Andrzej Halicki,EPP,Poland,Platforma Obywatelska,2024-07-02,2019-06-02
96752,Martin Häusling,Greens/EFA,Germany,Bündnis 90/Die Grünen,2024-07-02,2019-06-02
2054,Heidi Hautala,Greens/EFA,Finland,Vihreä liitto,2024-07-02,2019-06-02
197646,Mircea-Gheorghe Hava,EPP,Romania,Partidul Naţional Liberal,2024-07-02,2019-06-02
135511,Valérie Hayer,Renew,France,Renaissance,2024-07-02,2019-06-02
125023,Anja Hazekamp,The Left,Netherlands,Partij voor de Dieren,2024-07-02,2019-06-02
197682,Hannes Heide,S&D,Austria,Sozialdemokratische Partei Österreichs,2024-07-02,2019-06-02
197800,Eero Heinäluoma,S&D,Finland,Suomen Sosialidemokraattinen Puolue/Finlands Socialdemokratiska Parti,2024-07-02,2019-06-02
197412,Niclas Herbst,EPP,Germany,Christlich Demokratische Union Deutschlands,2024-07-02,2019-06-02
197459,Pierrette Herzberger-Fofana,Greens/EFA,Germany,Bündnis 90/Die Grünen,2024-07-02,2019-06-02
124586,Balázs Hidvéghi,NI,Hungary,Fidesz-Magyar Polgári Szövetség-Kereszténydemokrata Néppárt,2024-07-02,2019-06-02
197526,Martin Hlaváček,Renew,Czechia,ANO 2011,2024-07-02,2019-06-02
96780,Monika Hohlmeier,EPP,Germany,Christlich-Soziale Union in Bayern e.V.,2024-07-02,2019-06-02
197770,Martin Hojsík,Renew,Slovakia,Progresívne Slovensko,2024-07-02,2019-06-02
197398,Pär Holmgren,Greens/EFA,Sweden,Miljöpartiet de gröna,2024-07-02,2019-06-02
124715,György Hölvényi,EPP,Hungary,Kereszténydemokrata Néppárt,2024-07-02,2019-06-02
122978,Alicia Homs Ginel,S&D,Spain,Partido Socialista Obrero Español,2024-07-02,2019-06-02
218349,Michiel Hoogeveen,ECR,Netherlands,JA21,2024-07-02,2021-04-15
5565,Brice Hortefeux,EPP,France,Les Républicains,2024-07-02,2019-06-02
197846,Ivo Hristov,S&D,Bulgaria,Bulgarian Socialist Party,2024-07-02,2019-06-02
96779,Danuta Maria Hübner,EPP,Poland,Platforma Obywatelska,2024-07-02,2019-06-02
58789,Jan Huitema,Renew,Netherlands,Volkspartij voor Vrijheid en Democratie,2024-07-02,2019-06-02
197624,Ivars Ijabs,Renew,Latvia,Attīstībai/Par!,2024-07-02,2019-06-02
221463,Ladislav Ilčić,ECR,Croatia,Hrvatski suverenisti,2024-07-02,2021-07-01
197392,Evin Incir,S&D,Sweden,Arbetarepartiet- Socialdemokraterna,2024-07-02,2019-06-02
28266,Sophia In 't Veld,Renew,Netherlands,Independent,2024-07-02,2019-06-02
96772,Peter Jahr,EPP,Germany,Christlich Demokratische Union Deutschlands,2024-07-02,2019-06-02
197837,Stasys Jakeliūnas,Greens/EFA,Lithuania,Independent,2024-07-02,2019-06-02
197516,Patryk Jaki,ECR,Poland,Solidarna Polska Zbigniewa Ziobro,2024-07-02,2019-06-02
124770,Jean-François Jalkh,ID,France,Rassemblement national,2024-07-02,2019-06-02
189065,France Jamet,ID,France,Rassemblement national,2024-07-02,2019-06-02
28141,Lívia Járóka,NI,Hungary,Fidesz-Magyar Polgári Szövetség-Kereszténydemokrata Néppárt,2024-07-02,2019-06-02
197517,Adam Jarubas,EPP,Poland,Polskie Stronnictwo Ludowe,2024-07-02,2019-06-02
112747,Romana Jerković,S&D,Croatia,Socijaldemokratska partija Hrvatske,2024-07-02,2020-02-01
125021,Agnes Jongerius,S&D,Netherlands,Partij van de Arbeid,2024-07-02,2019-06-02
197627,Virginie Joron,ID,France,Rassemblement national,2024-07-02,2019-06-02
197447,Irena Joveva,Renew,Slovenia,Gibanje Svoboda,2024-07-02,2019-06-02
197840,Rasa Juknevičienė,EPP,Lithuania,Tėvynės sąjunga-Lietuvos krikščionys demokratai,2024-07-02,2019-06-02
197518,Krzysztof Jurgiel,ECR,Poland,Prawo i Sprawiedliwość,2024-07-02,2019-06-02
197767,Eugen Jurzyca,ECR,Slovakia,Sloboda a Solidarita,2024-07-02,2019-06-02
197626,Hervé Juvin,NI,France,Indépendant,2024-07-02,2019-06-02
125109,Eva Kaili,NI,Greece,Independent,2024-07-02,2019-06-02
96771,Jarosław Kalinowski,EPP,Poland,Polskie Stronnictwo Ludowe,2024-07-02,2019-06-02
197491,Marina Kaljurand,S&D,Estonia,Sotsiaaldemokraatlik Erakond,2024-07-02,2019-06-02
96934,Sandra Kalniete,EPP,Latvia,"Partija ""VIENOTĪBA""",2024-07-02,2019-06-02
96837,Petra Kammerevert,S&D,Germany,Sozialdemokratische Partei Deutschlands,2024-07-02,2019-06-02
197839,Radan Kanev,EPP,Bulgaria,Democrats for Strong Bulgaria,2024-07-02,2019-06-02
197469,Assita Kanko,ECR,Belgium,Nieuw-Vlaamse Alliantie,2024-07-02,2019-06-02
4246,Othmar Karas,EPP,Austria,Österreichische Volkspartei,2024-07-02,2019-06-02
197585,Pierre Karleskind,Renew,France,La République en marche,2024-07-02,2019-06-02
197401,Karin Karlsbro,Renew,Sweden,Liberalerna,2024-07-02,2019-06-02
250237,Włodzimierz Karpiński,EPP,Poland,Independent,2024-07-02,2023-11-16
124887,Karol Karski,ECR,Poland,Prawo i Sprawiedliwość,2024-07-02,2019-06-02
191693,Elsi Katainen,Renew,Finland,Suomen Keskusta,2024-07-02,2019-06-02
251268,Michael Kauch,Renew,Germany,Freie Demokratische Partei,2024-07-02,2024-01-01
125068,Manolis Kefalogiannis,EPP,Greece,Nea Demokratia,2024-07-02,2019-06-02
197818,Billy Kelleher,Renew,Ireland,Fianna Fáil Party,2024-07-02,2019-06-02
22858,Fabienne Keller,Renew,France,Agir - La Droite constructive,2024-07-02,2019-06-02
96734,Ska Keller,Greens/EFA,Germany,Bündnis 90/Die Grünen,2024-07-02,2019-06-02
96668,Seán Kelly,EPP,Ireland,Fine Gael Party,2024-07-02,2019-06-02
197519,Beata Kempa,ECR,Poland,Sovereign Poland,2024-07-02,2019-06-02
249603,Martine Kemp,EPP,Luxembourg,Parti chrétien social luxembourgeois,2024-07-02,2023-10-24
197415,Niyazi Kizilyürek,The Left,Cyprus,Progressive Party of Working People - Left - New Forces,2024-07-02,2019-06-02
197520,Izabela-Helena Kloc,ECR,Poland,Prawo i Sprawiedliwość,2024-07-02,2019-06-02
197528,Ondřej Knotek,Renew,Czechia,ANO 2011,2024-07-02,2019-06-02
197523,Łukasz Kohut,S&D,Poland,Nowa Lewica,2024-07-02,2019-06-02
197406,Arba Kokalari,EPP,Sweden,Moderaterna,2024-07-02,2019-06-02
197743,Petros Kokkalis,Greens/EFA,Greece,KOSMOS,2024-07-02,2019-06-02
197546,Marcel Kolaja,Greens/EFA,Czechia,PIRÁTI,2024-07-02,2019-06-02
197438,Mislav Kolakušić,NI,Croatia,-,2024-07-02,2019-06-02
23699,Kateřina Konečná,The Left,Czechia,Komunistická strana Čech a Moravy,2024-07-02,2019-06-02
197740,Athanasios Konstantinou,NI,Greece,Independent,2024-07-02,2019-06-02
197525,Ewa Kopacz,EPP,Poland,Platforma Obywatelska,2024-07-02,2019-06-02
197530,Joanna Kopcińska,ECR,Poland,Prawo i Sprawiedliwość,2024-07-02,2019-06-02
197445,Moritz Körner,Renew,Germany,Freie Demokratische Partei,2024-07-02,2019-06-02
96829,Ádám Kósa,NI,Hungary,Fidesz-Magyar Polgári Szövetség-Kereszténydemokrata Néppárt,2024-07-02,2019-06-02
124822,Dietmar Köster,S&D,Germany,Sozialdemokratische Partei Deutschlands,2024-07-02,2019-06-02
130833,Stelios Kouloglou,The Left,Greece,New Left,2024-07-02,2019-06-02
197699,Elena Kountoura,The Left,Greece,Coalition of the Radical Left,2024-07-02,2019-06-02
118949,Ondřej Kovařík,Renew,Czechia,ANO 2011,2024-07-02,2019-06-02
97968,Andrey Kovatchev,EPP,Bulgaria,Citizens for European Development of Bulgaria,2024-07-02,2019-06-02
197481,Maximilian Krah,ID,Germany,Alternative für Deutschland,2024-07-02,2019-06-02
124891,Zdzisław Krasnodębski,ECR,Poland,Prawo i Sprawiedliwość,2024-07-02,2019-06-02
197532,Elżbieta Kruk,ECR,Poland,Prawo i Sprawiedliwość,2024-07-02,2019-06-02
197843,Andrius Kubilius,EPP,Lithuania,Tėvynės sąjunga-Lietuvos krikščionys demokratai,2024-07-02,2019-06-02
197395,Alice Kuhnke,Greens/EFA,Sweden,Miljöpartiet de gröna,2024-07-02,2019-06-02
197482,Joachim Kuhs,ID,Germany,Alternative für Deutschland,2024-07-02,2019-06-02
124735,Miapetra Kumpula-Natri,S&D,Finland,Suomen Sosialidemokraattinen Puolue/Finlands Socialdemokratiska Parti,2024-07-02,2019-06-02
197692,Stelios Kympouropoulos,EPP,Greece,Nea Demokratia,2024-07-02,2019-06-02
125063,Georgios Kyrtsos,Renew,Greece,Independent,2024-07-02,2019-06-02
124866,Ilhan Kyuchyuk,Renew,Bulgaria,Movement for Rights and Freedoms,2024-07-02,2019-06-02
204421,Jean-Lin Lacapelle,ID,France,Rassemblement national,2024-07-02,2020-02-01
197460,Sergey Lagodinsky,Greens/EFA,Germany,Bündnis 90/Die Grünen,2024-07-02,2019-06-02
197737,Ioannis Lagos,NI,Greece,Independent,2024-07-02,2019-06-02
197697,Aurore Lalucq,S&D,France,Place publique,2024-07-02,2019-06-02
96648,Philippe Lamberts,Greens/EFA,Belgium,Ecologistes Confédérés pour l'Organisation de Luttes Originales,2024-07-02,2019-06-02
192635,Danilo Oscar Lancini,ID,Italy,Lega,2024-07-02,2019-06-02
1909,Bernd Lange,S&D,Germany,Sozialdemokratische Partei Deutschlands,2024-07-02,2019-06-02
197461,Katrin Langensiepen,Greens/EFA,Germany,Bündnis 90/Die Grünen,2024-07-02,2019-06-02
197698,Pierre Larrouturou,S&D,France,Nouvelle Donne,2024-07-02,2019-06-02
230085,Camilla Laureti,S&D,Italy,Partito Democratico,2024-07-02,2022-01-12
251859,Guy Lavocat,Renew,France,Renaissance,2024-07-02,2024-01-12
124738,Gilles Lebreton,ID,France,Rassemblement national,2024-07-02,2019-06-02
197393,David Lega,EPP,Sweden,Kristdemokraterna,2024-07-02,2019-06-02
96796,Ryszard Antoni Legutko,ECR,Poland,Prawo i Sprawiedliwość,2024-07-02,2019-06-02
197635,Maria-Manuel Leitão-Marques,S&D,Portugal,Partido Socialista,2024-07-02,2019-06-02
95074,Jeroen Lenaers,EPP,Netherlands,Christen Democratisch Appèl,2024-07-02,2019-06-02
23781,Janusz Lewandowski,EPP,Poland,Platforma Obywatelska,2024-07-02,2019-06-02
204336,Miriam Lexmann,EPP,Slovakia,Kresťanskodemokratické hnutie,2024-07-02,2020-02-01
23768,Bogusław Liberadzki,S&D,Poland,Nowa Lewica,2024-07-02,2019-06-02
1927,Peter Liese,EPP,Germany,Christlich Demokratische Union Deutschlands,2024-07-02,2019-06-02
197483,Sylvia Limmer,ID,Germany,Alternative für Deutschland,2024-07-02,2019-06-02
124808,Norbert Lins,EPP,Germany,Christlich Demokratische Union Deutschlands,2024-07-02,2019-06-02
197611,Elena Lizzi,ID,Italy,Lega,2024-07-02,2019-06-02
197494,Nathalie Loiseau,Renew,France,Liste Renaissance,2024-07-02,2019-06-02
96709,Morten Løkkegaard,Renew,Denmark,"Venstre, Danmarks Liberale Parti",2024-07-02,2019-06-02
125042,Javi López,S&D,Spain,Partit dels Socialistes de Catalunya,2024-07-02,2019-06-02
96812,Juan Fernando López Aguilar,S&D,Spain,Partido Socialista Obrero Español,2024-07-02,2019-06-02
197777,Leopoldo López Gil,EPP,Spain,Partido Popular,2024-07-02,2019-06-02
28399,Antonio López-Istúriz White,EPP,Spain,Partido Popular,2024-07-02,2019-06-02
228286,Karsten Lucke,S&D,Germany,Sozialdemokratische Partei Deutschlands,2024-07-02,2022-01-11
197721,César Luena,S&D,Spain,Partido Socialista Obrero Español,2024-07-02,2019-06-02
96791,Elżbieta Katarzyna Łukacijewska,EPP,Poland,Platforma Obywatelska,2024-07-02,2019-06-02
124996,Peter Lundgren,ECR,Sweden,Sverigedemokraterna,2024-07-02,2019-06-02
197458,Benoît Lutgen,EPP,Belgium,Les Engagés,2024-07-02,2019-06-02
239973,Bergur Løkke Rasmussen,Renew,Denmark,Moderaterne,2024-07-02,2022-11-22
124806,David Mcallister,EPP,Germany,Christlich Demokratische Union Deutschlands,2024-07-02,2019-06-02
205452,Chris Macmanus,The Left,Ireland,Sinn Féin,2024-07-02,2020-03-06
197493,Jaak Madison,ID,Estonia,Eesti Konservatiivne Rahvaerakond,2024-07-02,2019-06-02
197719,Cristina Maestre Martín De Almagro,S&D,Spain,Partido Socialista Obrero Español,2024-07-02,2019-06-02
197653,Claudiu Manda,S&D,Romania,Partidul Social Democrat,2024-07-02,2019-06-02
4560,Antonius Manders,EPP,Netherlands,Christen Democratisch Appèl,2024-07-02,2019-06-02
190713,Lukas Mandl,EPP,Austria,Österreichische Volkspartei,2024-07-02,2019-06-02
197623,Thierry Mariani,ID,France,Rassemblement national,2024-07-02,2019-06-02
33982,Marian-Jean Marinescu,EPP,Romania,Partidul Naţional Liberal,2024-07-02,2019-06-02
209896,Colm Markey,EPP,Ireland,Fine Gael Party,2024-07-02,2020-11-20
197462,Erik Marquardt,Greens/EFA,Germany,Bündnis 90/Die Grünen,2024-07-02,2019-06-02
197638,Margarida Marques,S&D,Portugal,Partido Socialista,2024-07-02,2019-06-02
197634,Pedro Marques,S&D,Portugal,Partido Socialista,2024-07-02,2019-06-02
124828,Fulvio Martusciello,EPP,Italy,Forza Italia,2024-07-02,2019-06-02
249285,Lydie Massard,Greens/EFA,France,Régions et Peuples Solidaires,2024-07-02,2023-09-24
197441,Predrag Fred Matić,S&D,Croatia,Socijaldemokratska partija Hrvatske,2024-07-02,2019-06-02
96936,Gabriel Mato,EPP,Spain,Partido Popular,2024-07-02,2020-02-01
208722,Sara Matthieu,Greens/EFA,Belgium,Groen,2024-07-02,2020-10-08
24505,Emmanuel Maurel,The Left,France,Gauche républicaine et socialiste,2024-07-02,2019-06-02
124691,Costas Mavrides,S&D,Cyprus,Democratic Party,2024-07-02,2019-06-02
197522,Radka Maxová,S&D,Czechia,Independent,2024-07-02,2019-06-02
98341,Eva Maydell,EPP,Bulgaria,Citizens for European Development of Bulgaria,2024-07-02,2019-06-02
38511,Georg Mayer,ID,Austria,Freiheitliche Partei Österreichs,2024-07-02,2019-06-02
197538,Beata Mazurek,ECR,Poland,Prawo i Sprawiedliwość,2024-07-02,2019-06-02
197841,Liudas Mažylis,EPP,Lithuania,Tėvynės sąjunga-Lietuvos krikščionys demokratai,2024-07-02,2019-06-02
204418,Nora Mebarek,S&D,France,Parti socialiste,2024-07-02,2020-02-01
197662,Vangelis Meimarakis,EPP,Greece,Nea Demokratia,2024-07-02,2019-06-02
130256,Dace Melbārde,EPP,Latvia,"Partija ""VIENOTĪBA""",2024-07-02,2019-06-02
197567,Karen Melchior,Renew,Denmark,Independent,2024-07-02,2019-06-02
236053,Marina Mesure,The Left,France,La France Insoumise,2024-07-02,2022-07-29
118859,Roberta Metsola,EPP,Malta,Partit Nazzjonalista,2024-07-02,2019-06-02
193292,Tilly Metz,Greens/EFA,Luxembourg,Déi Gréng - Les Verts,2024-07-02,2019-06-02
190518,Jörg Meuthen,NI,Germany,Independent,2024-07-02,2019-06-02
120478,Martina Michels,The Left,Germany,DIE LINKE.,2024-07-02,2019-06-02
249826,Jozef Mihál,Renew,Slovakia,Independent,2024-07-02,2023-10-26
125128,Iskra Mihaylova,Renew,Bulgaria,Movement for Rights and Freedoms,2024-07-02,2019-06-02
197497,Sven Mikser,S&D,Estonia,Sotsiaaldemokraatlik Erakond,2024-07-02,2019-06-02
197824,Giuseppe Milazzo,ECR,Italy,Fratelli d'Italia,2024-07-02,2019-06-02
28400,Francisco José Millán Mon,EPP,Spain,Partido Popular,2024-07-02,2019-06-02
197540,Leszek Miller,S&D,Poland,Independent,2024-07-02,2019-06-02
236051,Eric Minardi,ID,France,Rassemblement national,2024-07-02,2022-07-29
24942,Ana Miranda,Greens/EFA,Spain,Bloque Nacionalista Galego,2024-07-02,2022-09-05
212855,Alin Mituța,Renew,Romania,Reînnoim Proiectul European al României,2024-07-02,2020-12-28
197805,Silvia Modig,The Left,Finland,Vasemmistoliitto,2024-07-02,2019-06-02
124722,Csaba Molnár,S&D,Hungary,Demokratikus Koalíció,2024-07-02,2019-06-02
124734,Cláudia Monteiro De Aguiar,EPP,Portugal,Partido Social Democrata,2024-07-02,2019-06-02
197711,Dolors Montserrat,EPP,Spain,Partido Popular,2024-07-02,2019-06-02
72779,Nadine Morano,EPP,France,Les Républicains,2024-07-02,2019-06-02
28347,Javier Moreno Sánchez,S&D,Spain,Partido Socialista Obrero Español,2024-07-02,2019-06-02
124799,Alessandra Moretti,S&D,Italy,Partito Democratico,2024-07-02,2019-06-02
197427,Marlene Mortler,EPP,Germany,Christlich-Soziale Union in Bayern e.V.,2024-07-02,2019-06-02
197647,Dan-Ştefan Motreanu,EPP,Romania,Partidul Naţional Liberal,2024-07-02,2019-06-02
197541,Andżelika Anna Możdżanowska,ECR,Poland,Prawo i Sprawiedliwość,2024-07-02,2019-06-02
238674,Theresa Bielowski,S&D,Austria,Sozialdemokratische Partei Österreichs,2024-07-02,2022-10-10
124862,Ulrike Müller,Renew,Germany,Freie Wähler,2024-07-02,2019-06-02
124802,Siegfried Mureşan,EPP,Romania,Partidul Naţional Liberal,2024-07-02,2019-06-02
28429,Alessandra Mussolini,EPP,Italy,Forza Italia,2024-07-02,2022-11-02
190519,Caroline Nagtegaal,Renew,Netherlands,Volkspartij voor Vrijheid en Democratie,2024-07-02,2019-06-02
125005,Javier Nart,Renew,Spain,Independiente,2024-07-02,2019-06-02
88882,Victor Negrescu,S&D,Romania,Partidul Social Democrat,2024-07-02,2020-02-01
233862,Matjaž Nemec,S&D,Slovenia,Socialni demokrati,2024-07-02,2022-05-18
239260,Denis Nesci,ECR,Italy,FRATELLI D' ITALIA,2024-07-02,2022-11-02
197464,Hannah Neumann,Greens/EFA,Germany,Bündnis 90/Die Grünen,2024-07-02,2019-06-02
124784,Dan Nica,S&D,Romania,Partidul Social Democrat,2024-07-02,2019-06-02
4289,Angelika Niebler,EPP,Germany,Christlich-Soziale Union in Bayern e.V.,2024-07-02,2019-06-02
124701,Luděk Niedermayer,EPP,Czechia,TOP 09 a Starostové,2024-07-02,2019-06-02
197465,Niklas Nienass,Greens/EFA,Germany,Bündnis 90/Die Grünen,2024-07-02,2019-06-02
197802,Ville Niinistö,Greens/EFA,Finland,Vihreä liitto,2024-07-02,2019-06-02
197734,Lefteris Nikolaou-Alavanos,NI,Greece,Communist Party of Greece,2024-07-02,2019-06-02
238639,Johan Nissinen,ECR,Sweden,Sverigedemokraterna,2024-07-02,2022-10-11
202112,Gheorghe-Vlad Nistor,EPP,Romania,Partidul Naţional Liberal,2024-07-02,2019-12-02
124836,Maria Noichl,S&D,Germany,Sozialdemokratische Partei Deutschlands,2024-07-02,2019-06-02
28294,Ljudmila Novak,EPP,Slovenia,Nova Slovenija – Krščanski demokrati,2024-07-02,2019-06-02
107212,Andrey Novakov,EPP,Bulgaria,Citizens for European Development of Bulgaria,2024-07-02,2019-06-02
197542,Janina Ochojska,EPP,Poland,Independent,2024-07-02,2019-06-02
197432,Jan-Christoph Oetjen,Renew,Germany,Freie Demokratische Partei,2024-07-02,2019-06-02
237779,Carina Ohlsson,S&D,Sweden,Arbetarepartiet- Socialdemokraterna,2024-07-02,2022-09-26
28288,Jan Olbrycht,EPP,Poland,Platforma Obywatelska,2024-07-02,2019-06-02
197838,Juozas Olekas,S&D,Lithuania,Lietuvos socialdemokratų partija,2024-07-02,2019-06-02
197687,Philippe Olivier,ID,France,Rassemblement national,2024-07-02,2019-06-02
30482,Younous Omarjee,The Left,France,La France Insoumise,2024-07-02,2019-06-02
253043,Henk Jan Ormel,EPP,Netherlands,Christen Democratisch Appèl,2024-07-02,2024-02-27
234344,Max Orville,Renew,France,Mouvement Démocrate,2024-07-02,2022-05-20
197889,Grace O'sullivan,Greens/EFA,Ireland,Green Party,2024-07-02,2019-06-02
232843,Jan Ovelgönne,Greens/EFA,Germany,Bündnis 90/Die Grünen,2024-07-02,2024-03-12
129073,Urmas Paet,Renew,Estonia,Eesti Reformierakond,2024-07-02,2019-06-02
125038,Maite Pagazaurtundúa,Renew,Spain,Delegación Ciudadanos Europeos,2024-07-02,2019-06-02
250235,Witold Pahl,EPP,Poland,Platforma Obywatelska,2024-07-02,2023-11-16
99283,Alessandro Panza,ID,Italy,Lega,2024-07-02,2019-06-02
124692,Demetris Papadakis,S&D,Cyprus,Movement for Social Democracy EDEK,2024-07-02,2019-06-02
125093,Kostas Papadakis,NI,Greece,Communist Party of Greece,2024-07-02,2019-06-02
28586,Dimitrios Papadimoulis,The Left,Greece,New Left,2024-07-02,2019-06-02
244571,Nikos Papandreou,S&D,Greece,PASOK-KINAL,2024-07-02,2023-05-03
36392,Aldo Patriciello,ID,Italy,Lega,2024-07-02,2019-06-02
197466,Jutta Paulus,Greens/EFA,Germany,Bündnis 90/Die Grünen,2024-07-02,2019-06-02
124844,Piernicola Pedicini,Greens/EFA,Italy,Independent,2024-07-02,2019-06-02
197563,Mauri Pekkarinen,Renew,Finland,Suomen Keskusta,2024-07-02,2019-06-02
197539,Mikuláš Peksa,Greens/EFA,Czechia,PIRÁTI,2024-07-02,2019-06-02
197527,Anne-Sophie Pelletier,The Left,France,La France Insoumise,2024-07-02,2019-06-02
197845,Tsvetelina Penkova,S&D,Bulgaria,Bulgarian Socialist Party,2024-07-02,2019-06-02
243979,Francesca Peppucci,EPP,Italy,Forza Italia,2024-07-02,2023-04-06
197754,Sandra Pereira,The Left,Portugal,Partido Comunista Português,2024-07-02,2019-06-02
197738,Lídia Pereira,EPP,Portugal,Partido Social Democrata,2024-07-02,2019-06-02
197573,Kira Marie Peter-Hansen,Greens/EFA,Denmark,Socialistisk Folkeparti,2024-07-02,2019-06-02
124872,Morten Petersen,Renew,Denmark,Det Radikale Venstre,2024-07-02,2019-06-02
124846,Pina Picierno,S&D,Italy,Partito Democratico,2024-07-02,2019-06-02
112744,Tonino Picula,S&D,Croatia,Socijaldemokratska partija Hrvatske,2024-07-02,2019-06-02
28224,Markus Pieper,EPP,Germany,Christlich Demokratische Union Deutschlands,2024-07-02,2019-06-02
40599,Sirpa Pietikäinen,EPP,Finland,Kansallinen Kokoomus,2024-07-02,2019-06-02
197619,Sabrina Pignedoli,NI,Italy,Movimento 5 Stelle,2024-07-02,2019-06-02
136236,João Pimenta Lopes,The Left,Portugal,Partido Comunista Português,2024-07-02,2021-07-06
197828,Manu Pineda,The Left,Spain,Izquierda Unida,2024-07-02,2019-06-02
197629,Maxette Pirbakas,NI,France,Indépendant,2024-07-02,2019-06-02
249443,Wolfram Pirchner,EPP,Austria,Österreichische Volkspartei,2024-07-02,2023-10-17
204414,Margarita De La Pisa Carrión,ECR,Spain,VOX,2024-07-02,2020-02-01
197590,Giuliano Pisapia,S&D,Italy,Independent,2024-07-02,2019-06-02
197663,Dragoş Pîslaru,Renew,Romania,Reînnoim Proiectul European al României,2024-07-02,2019-06-02
38595,Rovana Plumb,S&D,Romania,Partidul Social Democrat,2024-07-02,2019-06-02
124704,Stanislav Polčák,EPP,Czechia,Starostové a nezávisli,2024-07-02,2019-06-02
197404,Jessica Polfjärd,EPP,Sweden,Moderaterna,2024-07-02,2019-06-02
197765,Peter Pollák,EPP,Slovakia,Obyčajní ľudia a nezávislé osobnosti,2024-07-02,2019-06-02
204443,Clara Ponsatí Obiols,NI,Spain,Junts per Catalunya - Lliures per Europa,2024-07-02,2020-02-01
237320,Eva Maria Poptcheva,Renew,Spain,Ciudadanos – Partido de la Ciudadanía,2024-07-02,2022-09-15
96801,Tomasz Piotr Poręba,ECR,Poland,Prawo i Sprawiedliwość,2024-07-02,2019-06-02
125706,Jiří Pospíšil,EPP,Czechia,TOP 09 a Starostové,2024-07-02,2019-06-02
239972,Erik Poulsen,Renew,Denmark,"Venstre, Danmarks Liberale Parti",2024-07-02,2022-11-22
197820,Nicola Procaccini,ECR,Italy,Fratelli d'Italia,2024-07-02,2019-06-02
202351,Carles Puigdemont I Casamajó,NI,Spain,Junts per Catalunya - Lliures per Europa,2024-07-02,2019-06-02
197764,Miroslav Radačovský,NI,Slovakia,Slovak PATRIOT,2024-07-02,2019-06-02
124850,Emil Radev,EPP,Bulgaria,Citizens for European Development of Bulgaria,2024-07-02,2019-06-02
188945,Dennis Radtke,EPP,Germany,Christlich Demokratische Union Deutschlands,2024-07-02,2019-06-02
197868,Samira Rafaela,Renew,Netherlands,Democraten 66,2024-07-02,2019-06-02
197544,Elżbieta Rafalska,ECR,Poland,Prawo i Sprawiedliwość,2024-07-02,2019-06-02
96998,Evelyn Regner,S&D,Austria,Sozialdemokratische Partei Österreichs,2024-07-02,2019-06-02
197488,Guido Reil,ID,Germany,Alternative für Deutschland,2024-07-02,2019-06-02
103381,Terry Reintke,Greens/EFA,Germany,Bündnis 90/Die Grünen,2024-07-02,2019-06-02
229839,René Repasi,S&D,Germany,Sozialdemokratische Partei Deutschlands,2024-07-02,2022-02-02
197413,Karlo Ressler,EPP,Croatia,Hrvatska demokratska zajednica,2024-07-02,2019-06-02
218347,Thijs Reuten,S&D,Netherlands,Partij van de Arbeid,2024-07-02,2021-04-15
197832,Diana Riba I Giner,Greens/EFA,Spain,Esquerra Republicana de Catalunya,2024-07-02,2019-06-02
4253,Frédérique Ries,Renew,Belgium,Mouvement Réformateur,2024-07-02,2019-06-02
197787,Antonio Maria Rinaldi,ID,Italy,Lega,2024-07-02,2019-06-02
229519,Catharina Rinzema,Renew,Netherlands,Volkspartij voor Vrijheid en Democratie,2024-07-02,2022-01-18
206158,Manuela Ripa,Greens/EFA,Germany,Ökologisch-Demokratische Partei,2024-07-02,2020-07-16
96885,Dominique Riquet,Renew,France,Mouvement Radical Social-Libéral,2024-07-02,2019-06-02
197615,Jérôme Rivière,NI,France,Indépendant,2024-07-02,2019-06-02
197801,Franco Roberti,S&D,Italy,Partito Democratico,2024-07-02,2019-06-02
125043,Inma Rodríguez-Piñero,S&D,Spain,Partido Socialista Obrero Español,2024-07-02,2019-06-02
197785,Eugenia Rodríguez Palop,The Left,Spain,PODEMOS,2024-07-02,2019-06-02
4344,María Soraya Rodríguez Ramos,Renew,Spain,Ciudadanos – Partido de la Ciudadanía,2024-07-02,2019-06-02
250538,Rafał Romanowski,ECR,Poland,Prawo i Sprawiedliwość,2024-07-02,2023-11-29
197584,Sándor Rónai,S&D,Hungary,Demokratikus Koalíció,2024-07-02,2019-06-02
197792,Daniela Rondinelli,S&D,Italy,Partito Democratico,2024-07-02,2019-06-02
197776,Rob Rooken,ECR,Netherlands,Independent,2024-07-02,2019-06-02
204733,Dorien Rookmaker,ECR,Netherlands,Meer Directe Democratie,2024-07-02,2020-02-01
197709,Robert Roos,ECR,Netherlands,Independent,2024-07-02,2019-06-02
197506,Caroline Roose,Greens/EFA,France,Europe Écologie,2024-07-02,2019-06-02
125214,Bronis Ropė,Greens/EFA,Lithuania,Lietuvos valstiečių ir žaliųjų sąjunga,2024-07-02,2019-06-02
204413,Marcos Ros Sempere,S&D,Spain,Partido Socialista Obrero Español,2024-07-02,2020-02-01
243912,Maria Veronica Rossi,ID,Italy,Lega,2024-07-02,2023-04-06
96653,Katarína Roth Neveďalová,NI,Slovakia,SMER-Sociálna demokracia,2024-07-02,2022-12-30
197690,André Rougé,ID,France,Rassemblement national,2024-07-02,2019-06-02
245858,Thomas Rudner,S&D,Germany,Sozialdemokratische Partei Deutschlands,2024-07-02,2023-07-03
197773,Bert-Jan Ruissen,ECR,Netherlands,Staatkundig Gereformeerde Partij,2024-07-02,2019-06-02
127096,Domènec Ruiz Devesa,S&D,Spain,Partido Socialista Obrero Español,2024-07-02,2019-06-02
132366,Pirkko Ruohonen-Lerner,ECR,Finland,Perussuomalaiset,2024-07-02,2023-04-12
197545,Bogdan Rzońca,ECR,Poland,Prawo i Sprawiedliwość,2024-07-02,2019-06-02
204368,Christian Sagartz,EPP,Austria,Österreichische Volkspartei,2024-07-02,2020-01-23
249284,Laurence Sailliet,EPP,France,Les Républicains,2024-07-02,2023-09-24
125670,Massimiliano Salini,EPP,Italy,Forza Italia,2024-07-02,2019-06-02
197722,Nacho Sánchez Amor,S&D,Spain,Partido Socialista Obrero Español,2024-07-02,2019-06-02
24594,Anne Sander,EPP,France,Les Républicains,2024-07-02,2019-06-02
124781,Alfred Sant,S&D,Malta,Partit Laburista,2024-07-02,2019-06-02
197650,Isabel Santos,S&D,Portugal,Partido Socialista,2024-07-02,2019-06-02
251249,Esther Sanz Selva,The Left,Spain,PODEMOS,2024-07-02,2023-12-21
197578,Silvia Sardone,ID,Italy,Lega,2024-07-02,2019-06-02
112611,Petri Sarvamaa,EPP,Finland,Kansallinen Kokoomus,2024-07-02,2019-06-02
28297,Jacek Saryusz-Wolski,ECR,Poland,Prawo i Sprawiedliwość,2024-07-02,2019-06-02
197500,Mounir Satouri,Greens/EFA,France,Europe Écologie,2024-07-02,2019-06-02
37312,Christel Schaldemose,S&D,Denmark,Socialdemokratiet,2024-07-02,2019-06-02
213330,Ernő Schaller-Baross,NI,Hungary,Fidesz-Magyar Polgári Szövetség-Kereszténydemokrata Néppárt,2024-07-02,2021-01-10
197670,Andreas Schieder,S&D,Austria,Sozialdemokratische Partei Österreichs,2024-07-02,2019-06-02
190517,Martin Schirdewan,The Left,Germany,DIE LINKE.,2024-07-02,2019-06-02
197422,Christine Schneider,EPP,Germany,Christlich Demokratische Union Deutschlands,2024-07-02,2019-06-02
96646,Helmut Scholz,The Left,Germany,DIE LINKE.,2024-07-02,2019-06-02
125030,Annie Schreijer-Pierik,EPP,Netherlands,Christen Democratisch Appèl,2024-07-02,2019-06-02
124837,Joachim Schuster,S&D,Germany,Sozialdemokratische Partei Deutschlands,2024-07-02,2019-06-02
28223,Andreas Schwab,EPP,Germany,Christlich Demokratische Union Deutschlands,2024-07-02,2019-06-02
197425,Ralf Seekatz,EPP,Germany,Christlich Demokratische Union Deutschlands,2024-07-02,2019-06-02
197835,Aušra Seibutytė,EPP,Lithuania,Tėvynės sąjunga-Lietuvos krikščionys demokratai,2024-07-02,2019-06-02
197418,Monica Semedo,Renew,Luxembourg,Fokus,2024-07-02,2019-06-02
197423,Nico Semsrott,Greens/EFA,Germany,Independent,2024-07-02,2019-06-02
197677,Günther Sidl,S&D,Austria,Sozialdemokratische Partei Österreichs,2024-07-02,2019-06-02
124747,Pedro Silva Pereira,S&D,Portugal,Partido Socialista,2024-07-02,2019-06-02
197426,Sven Simon,EPP,Germany,Christlich Demokratische Union Deutschlands,2024-07-02,2019-06-02
197935,Ivan Vilibor Sinčić,NI,Croatia,KLJUČ Hrvatske,2024-07-02,2019-06-02
96932,Birgit Sippel,S&D,Germany,Sozialdemokratische Partei Deutschlands,2024-07-02,2019-06-02
197390,Sara Skyttedal,EPP,Sweden,EPP,2024-07-02,2019-06-02
197849,Andrey Slabakov,ECR,Bulgaria,VMRO,2024-07-02,2019-06-02
197791,Massimiliano Smeriglio,NI,Italy,Alleanza Verdi e Sinistra,2024-07-02,2019-06-02
204334,Vincenzo Sofo,ECR,Italy,Fratelli d'Italia,2024-07-02,2020-02-01
124710,Michaela Šojdrová,EPP,Czechia,Křesťanská a demokratická unie - Československá strana lidová,2024-07-02,2019-06-02
197417,Tomislav Sokol,EPP,Croatia,Hrvatska demokratska zajednica,2024-07-02,2019-06-02
185974,Jordi Solé,Greens/EFA,Spain,Esquerra Republicana de Catalunya,2024-07-02,2020-01-03
197784,Susana Solís Pérez,Renew,Spain,Ciudadanos – Partido de la Ciudadanía,2024-07-02,2019-06-02
124834,Martin Sonneborn,NI,Germany,Die PARTEI,2024-07-02,2019-06-02
197550,Sylwia Spurek,Greens/EFA,Poland,Independent,2024-07-02,2019-06-02
125064,Maria Spyraki,EPP,Greece,Nea Demokratia,2024-07-02,2019-06-02
197825,Raffaele Stancanelli,ECR,Italy,Fratelli d'Italia,2024-07-02,2019-06-02
124852,Sergei Stanishev,S&D,Bulgaria,Bulgarian Socialist Party,2024-07-02,2019-06-02
239271,Eleni Stavrou,EPP,Cyprus,Democratic Rally,2024-07-02,2022-11-02
124929,Ivan Štefanec,EPP,Slovakia,Kresťanskodemokratické hnutie,2024-07-02,2019-06-02
58766,Nicolae Ştefănuță,Greens/EFA,Romania,Independent,2024-07-02,2019-06-02
197772,Tineke Strik,Greens/EFA,Netherlands,GroenLinks,2024-07-02,2019-06-02
134605,Ramona Strugariu,Renew,Romania,Reînnoim Proiectul European al României,2024-07-02,2019-06-02
197553,Beata Szydło,ECR,Poland,Prawo i Sprawiedliwość,2024-07-02,2019-06-02
125020,Paul Tang,S&D,Netherlands,Partij van de Arbeid,2024-07-02,2019-06-02
29579,Marc Tarabella,NI,Belgium,Independent,2024-07-02,2019-06-02
204346,Dominik Tarczyński,ECR,Poland,Prawo i Sprawiedliwość,2024-07-02,2020-02-01
197806,Annalisa Tardino,ID,Italy,Lega,2024-07-02,2019-06-02
197756,Vera Tax,S&D,Netherlands,Partij van de Arbeid,2024-07-02,2019-06-02
197655,Cristian Terheş,ECR,Romania,Partidului Național Conservator Român (PNCR),2024-07-02,2019-06-02
204449,Riho Terras,EPP,Estonia,Isamaa,2024-07-02,2020-02-01
197831,Hermann Tertsch,ECR,Spain,VOX,2024-07-02,2019-06-02
197667,Barbara Thaler,EPP,Austria,Österreichische Volkspartei,2024-07-02,2019-06-02
250918,François Thiollet,Greens/EFA,France,Europe Écologie,2024-07-02,2023-11-30
96776,Róża Thun Und Hohenstein,Renew,Poland,Polska 2050,2024-07-02,2019-06-02
197591,Irene Tinagli,S&D,Italy,Partito Democratico,2024-07-02,2019-06-02
197402,Tomas Tobé,EPP,Sweden,Moderaterna,2024-07-02,2019-06-02
197559,Grzegorz Tobiszowski,ECR,Poland,Prawo i Sprawiedliwość,2024-07-02,2019-06-02
28340,Patrizia Toia,S&D,Italy,Partito Democratico,2024-07-02,2019-06-02
197547,Irène Tolleret,Renew,France,Liste Renaissance,2024-07-02,2019-06-02
197672,Eugen Tomac,EPP,Romania,Partidul Mișcarea Populară,2024-07-02,2019-06-02
96697,Waldemar Tomaszewski,ECR,Lithuania,Lietuvos lenkų rinkimų akcija – Krikščioniškų šeimų sąjunga,2024-07-02,2019-06-02
125104,Romana Tomc,EPP,Slovenia,Slovenska demokratska stranka,2024-07-02,2019-06-02
124700,Jana Toom,Renew,Estonia,Eesti Keskerakond,2024-07-02,2019-06-02
114268,Nils Torvalds,Renew,Finland,Svenska folkpartiet,2024-07-02,2019-06-02
96713,Evžen Tošenovský,ECR,Czechia,Občanská demokratická strana,2024-07-02,2019-06-02
27714,Edina Tóth,NI,Hungary,Fidesz-Magyar Polgári Szövetség-Kereszténydemokrata Néppárt,2024-07-02,2019-06-02
97236,Marie Toussaint,Greens/EFA,France,Europe Écologie,2024-07-02,2019-06-02
197580,Isabella Tovaglieri,ID,Italy,Lega,2024-07-02,2019-06-02
197894,László Trócsányi,NI,Hungary,Fidesz-Magyar Polgári Szövetség-Kereszténydemokrata Néppárt,2024-07-02,2019-06-02
197665,Dragoş Tudorache,Renew,Romania,Reînnoim Proiectul European al României,2024-07-02,2019-06-02
198183,Mihai Tudose,S&D,Romania,Partidul Social Democrat,2024-07-02,2019-06-02
197763,Milan Uhrík,NI,Slovakia,Hnutie Republika,2024-07-02,2019-06-02
124705,István Ujhelyi,S&D,Hungary,Esély Közösség,2024-07-02,2019-06-02
131507,Miguel Urbán Crespo,The Left,Spain,ANTICAPITALISTAS,2024-07-02,2019-06-02
197810,Nils Ušakovs,S&D,Latvia,"""Saskaņa"" sociāldemokrātiskā partija",2024-07-02,2019-06-02
96698,Viktor Uspaskich,NI,Lithuania,Darbo partija,2024-07-02,2019-06-02
28617,Inese Vaidere,EPP,Latvia,"Partija ""VIENOTĪBA""",2024-07-02,2019-06-02
124934,Monika Vana,Greens/EFA,Austria,Die Grünen - Die Grüne Alternative,2024-07-02,2019-06-02
5729,Kathleen Van Brempt,S&D,Belgium,Vooruit,2024-07-02,2019-06-02
185771,Tom Vandendriessche,ID,Belgium,Vlaams Belang,2024-07-02,2019-06-02
129164,Tom Vandenkendelaere,EPP,Belgium,Christen-Democratisch & Vlaams,2024-07-02,2021-01-25
125106,Johan Van Overtveldt,ECR,Belgium,Nieuw-Vlaamse Alliantie,2024-07-02,2019-06-02
197870,Kim Van Sparrentak,Greens/EFA,Netherlands,GroenLinks,2024-07-02,2019-06-02
239257,Achille Variati,S&D,Italy,Partito Democratico,2024-07-02,2022-11-02
130100,Hilde Vautmans,Renew,Belgium,Open Vlaamse Liberalen en Democraten,2024-07-02,2019-06-02
197502,Marie-Pierre Vedrenne,Renew,France,Mouvement Démocrate,2024-07-02,2019-06-02
96756,Sabine Verheyen,EPP,Germany,Christlich Demokratische Union Deutschlands,2024-07-02,2019-06-02
97058,Guy Verhofstadt,Renew,Belgium,Open Vlaamse Liberalen en Democraten,2024-07-02,2019-06-02
125001,Harald Vilimsky,ID,Austria,Freiheitliche Partei Österreichs,2024-07-02,2019-06-02
197827,Idoia Villanueva Ruiz,The Left,Spain,PODEMOS,2024-07-02,2019-06-02
197571,Nikolaj Villumsen,The Left,Denmark,Enhedslisten,2024-07-02,2019-06-02
98582,Loránt Vincze,EPP,Romania,Uniunea Democrată Maghiară din România,2024-07-02,2019-06-02
199941,Marianne Vind,S&D,Denmark,Socialdemokratiet,2024-07-02,2019-06-02
124726,Henna Virkkunen,EPP,Finland,Kansallinen Kokoomus,2024-07-02,2019-06-02
124875,Anders Vistisen,ID,Denmark,Dansk Folkeparti,2024-07-02,2022-11-22
197844,Petar Vitanov,S&D,Bulgaria,Bulgarian Socialist Party,2024-07-02,2019-06-02
197451,Viola Von Cramon-Taubadel,Greens/EFA,Germany,Bündnis 90/Die Grünen,2024-07-02,2019-06-02
197537,Alexandr Vondra,ECR,Czechia,Občanská demokratická strana,2024-07-02,2019-06-02
96761,Axel Voss,EPP,Germany,Christlich Demokratische Union Deutschlands,2024-07-02,2019-06-02
125065,Elissavet Vozemberg-Vrionidi,EPP,Greece,Nea Demokratia,2024-07-02,2019-06-02
197552,Veronika Vrecionová,ECR,Czechia,Občanská demokratická strana,2024-07-02,2019-06-02
197798,Lucia Vuolo,EPP,Italy,Forza Italia,2024-07-02,2019-06-02
204400,Adrián Vázquez Lázara,Renew,Spain,Ciudadanos – Partido de la Ciudadanía,2024-07-02,2020-02-01
190464,Thomas Waitz,Greens/EFA,Austria,Die Grünen - Die Grüne Alternative,2024-07-02,2020-02-01
197817,Mick Wallace,The Left,Ireland,Independents for change,2024-07-02,2019-06-02
197863,Maria Walsh,EPP,Ireland,Fine Gael Party,2024-07-02,2019-06-02
197429,Marion Walsmann,EPP,Germany,Christlich Demokratische Union Deutschlands,2024-07-02,2019-06-02
197405,Jörgen Warborn,EPP,Sweden,Moderaterna,2024-07-02,2019-06-02
197566,Witold Jan Waszczykowski,ECR,Poland,Prawo i Sprawiedliwość,2024-07-02,2019-06-02
28229,Manfred Weber,EPP,Germany,Christlich-Soziale Union in Bayern e.V.,2024-07-02,2019-06-02
123562,Charlie Weimers,ECR,Sweden,Sverigedemokraterna,2024-07-02,2019-06-02
197515,Pernille Weiss,EPP,Denmark,Det Konservative Folkeparti,2024-07-02,2019-06-02
2323,Rainer Wieland,EPP,Germany,Christlich Demokratische Union Deutschlands,2024-07-02,2019-06-02
197675,Sarah Wiener,Greens/EFA,Austria,Die Grünen - Die Grüne Alternative,2024-07-02,2019-06-02
214839,Emma Wiesner,Renew,Sweden,Centerpartiet,2024-07-02,2021-02-04
197769,Michal Wiezik,Renew,Slovakia,Progresívne Slovensko,2024-07-02,2019-06-02
39725,Iuliu Winkler,EPP,Romania,Uniunea Democrată Maghiară din România,2024-07-02,2019-06-02
197652,Angelika Winzig,EPP,Austria,Österreichische Volkspartei,2024-07-02,2019-06-02
197421,Isabel Wiseler-Lima,EPP,Luxembourg,Parti chrétien social luxembourgeois,2024-07-02,2019-06-02
124877,Jadwiga Wiśniewska,ECR,Poland,Prawo i Sprawiedliwość,2024-07-02,2019-06-02
185619,Tiemo Wölken,S&D,Germany,Sozialdemokratische Partei Deutschlands,2024-07-02,2019-06-02
5392,Lara Wolters,S&D,Netherlands,Partij van de Arbeid,2024-07-02,2019-07-04
197511,Salima Yenbou,Renew,France,Renaissance,2024-07-02,2019-06-02
197581,Stéphanie Yon-Courtin,Renew,France,Liste Renaissance,2024-07-02,2019-06-02
197842,Elena Yoncheva,S&D,Bulgaria,Bulgarian Socialist Party,2024-07-02,2019-06-02
125067,Theodoros Zagorakis,EPP,Greece,Nea Demokratia,2024-07-02,2019-06-02
23712,Jan Zahradil,ECR,Czechia,Občanská demokratická strana,2024-07-02,2019-06-02
197572,Anna Zalewska,ECR,Poland,Prawo i Sprawiedliwość,2024-07-02,2019-06-02
197586,Stefania Zambelli,EPP,Italy,Forza Italia,2024-07-02,2019-06-02
124780,Marco Zanni,ID,Italy,Lega,2024-07-02,2019-06-02
197606,Javier Zarzalejos,EPP,Spain,Partido Popular,2024-07-02,2019-06-02
124713,Tomáš Zdechovský,EPP,Czechia,Křesťanská a demokratická unie - Československá strana lidová,2024-07-02,2019-06-02
28615,Roberts Zīle,ECR,Latvia,"Nacionālā apvienība ""Visu Latvijai!""-""Tēvzemei un Brīvībai/LNNK""",2024-07-02,2019-06-02
197489,Bernhard Zimniok,ID,Germany,Alternative für Deutschland,2024-07-02,2019-06-02
124884,Kosma Złotowski,ECR,Poland,Prawo i Sprawiedliwość,2024-07-02,2019-06-02
197621,Juan Ignacio Zoido Álvarez,EPP,Spain,Partido Popular,2024-07-02,2019-06-02
124739,Carlos Zorrinho,S&D,Portugal,Partido Socialista,2024-07-02,2019-06-02
185341,Željana Zovko,EPP,Croatia,Hrvatska demokratska zajednica,2024-07-02,2019-06-02
125237,Marco Zullo,Renew,Italy,Independent,2024-07-02,2019-06-02
96933,Milan Zver,EPP,Slovenia,Slovenska demokratska stranka,2024-07-02,2019-06-02
28619,Tatjana Ždanoka,NI,Latvia,Latvijas Krievu savienība,2024-07-02,2019-06-02
96867,Maria Da Graça Carvalho,EPP,Portugal,Partido Social Democrata,2024-04-01,2019-07-02
96899,José Manuel Fernandes,EPP,Portugal,Partido Social Democrata,2024-04-01,2019-07-02
96903,Paulo Rangel,EPP,Portugal,Partido Social Democrata,2024-04-01,2019-07-02
96820,Marisa Matias,The Left,Portugal,Bloco de Esquerda,2024-03-25,2019-07-02
96978,Nuno Melo,EPP,Portugal,Partido do Centro Democrático Social-Partido Popular,2024-03-25,2019-07-02
229352,Malte Gallée,NI,Germany,Bündnis 90/Die Grünen,2024-03-10,2021-12-22
197396,Erik Bergkvist,S&D,Sweden,Arbetarepartiet- Socialdemokraterna,2024-02-20,2019-07-02
38398,Esther De Lange,EPP,Netherlands,Christen Democratisch Appèl,2024-02-15,2019-07-02
197436,Helmut Geuking,EPP,Germany,Familien-Partei Deutschlands,2024-02-04,2019-07-02
197508,Stéphane Séjourné,Renew,France,La République en marche,2024-01-11,2019-07-02
197437,Nicola Beer,Renew,Germany,Freie Demokratische Partei,2023-12-31,2019-07-02
197548,Radosław Sikorski,EPP,Poland,Platforma Obywatelska,2023-12-12,2019-07-02
96743,Michèle Rivasi,Greens/EFA,France,Europe Écologie,2023-11-29,2019-07-02
197681,Sira Rego,The Left,Spain,Izquierda Unida,2023-11-20,2019-07-02
124972,Ernest Urtasun,Greens/EFA,Spain,Catalunya en Comú,2023-11-20,2019-07-02
103746,Michal Šimečka,Renew,Slovakia,Progresívne Slovensko,2023-10-24,2019-07-02
193419,Christophe Hansen,EPP,Luxembourg,Parti chrétien social luxembourgeois,2023-10-23,2019-07-02
197492,Bartosz Arłukowicz,EPP,Poland,Platforma Obywatelska,2023-10-18,2019-07-02
124895,Krzysztof Hetman,EPP,Poland,Polskie Stronnictwo Ludowe,2023-10-18,2019-07-02
28389,Zbigniew Kuźmiuk,ECR,Poland,Prawo i Sprawiedliwość,2023-10-18,2019-07-02
197656,Simone Schmiedtbauer,EPP,Austria,Österreichische Volkspartei,2023-10-16,2019-07-02
197535,Agnès Evren,EPP,France,Les Républicains,2023-09-23,2019-07-02
96740,Yannick Jadot,Greens/EFA,France,Europe Écologie,2023-09-23,2019-07-02
96809,Peter Van Dalen,EPP,Netherlands,ChristenUnie,2023-09-03,2019-07-02
125027,Esteban González Pons,EPP,Spain,Partido Popular,2023-08-16,2019-07-02
197735,Adriana Maldonado López,S&D,Spain,Partido Socialista Obrero Español,2023-08-16,2019-07-02
197593,Véronique Trillet-Lenoir,Renew,France,Liste Renaissance,2023-08-09,2019-07-02
197746,Álvaro Amaro,EPP,Portugal,Partido Social Democrata,2023-07-06,2019-07-02
96842,Ismail Ertug,S&D,Germany,Sozialdemokratische Partei Deutschlands,2023-07-02,2019-07-02
113892,Eric Andrieu,S&D,France,Parti socialiste,2023-06-01,2019-07-02
125110,Nikos Androulakis,S&D,Greece,PASOK-KINAL,2023-05-02,2019-07-02
197594,Laura Huhtasaari,NI,Finland,Perussuomalaiset,2023-04-11,2019-07-02
197592,Pierfrancesco Majorino,S&D,Italy,Partito Democratico,2023-04-04,2019-07-02
197790,Luisa Regimenti,EPP,Italy,Forza Italia,2023-04-03,2019-07-02
197789,Simona Baldassarre,ID,Italy,Lega,2023-04-02,2019-07-02
197761,Miroslav Číž,S&D,Slovakia,SMER-Sociálna demokracia,2022-12-29,2019-07-02
204331,Linea Søgaard-Lidell,Renew,Denmark,"Venstre, Danmarks Liberale Parti",2022-11-14,2020-02-01
197555,Søren Gade,Renew,Denmark,"Venstre, Danmarks Liberale Parti",2022-11-14,2019-07-02
197570,Peter Kofod,ID,Denmark,Dansk Folkeparti,2022-11-14,2019-07-02
26837,Lefteris Christoforou,EPP,Cyprus,Democratic Rally,2022-11-01,2019-07-02
4391,Silvio Berlusconi,EPP,Italy,Forza Italia,2022-10-12,2019-07-02
97198,Mara Bizzotto,ID,Italy,Lega,2022-10-12,2019-07-02
124814,Simona Bonafè,S&D,Italy,Partito Democratico,2022-10-12,2019-07-02
197617,Carlo Calenda,Renew,Italy,Azione,2022-10-12,2019-07-02
197797,Andrea Caroppo,EPP,Italy,Forza Italia,2022-10-12,2019-07-02
197614,Marco Dreosto,ID,Italy,Lega,2022-10-12,2019-07-02
124779,Eleonora Evi,Greens/EFA,Italy,Europa Verde,2022-10-12,2019-07-02
4465,Raffaele Fitto,ECR,Italy,Fratelli d'Italia,2022-10-12,2019-07-02
2187,Antonio Tajani,EPP,Italy,Forza Italia,2022-10-12,2019-07-02
197678,Bettina Vollath,S&D,Austria,Sozialdemokratische Partei Österreichs,2022-10-09,2019-07-02
1854,Constanze Krehl,S&D,Germany,Sozialdemokratische Partei Deutschlands,2022-10-02,2019-07-02
124991,Jytte Guteland,S&D,Sweden,Arbetarepartiet- Socialdemokraterna,2022-09-25,2019-07-02
197399,Jessica Stegrud,ECR,Sweden,Sverigedemokraterna,2022-09-25,2019-07-02
197732,Manuel Pizarro,S&D,Portugal,Partido Socialista,2022-09-09,2019-07-02
197684,Pernando Barrena Arza,The Left,Spain,EH BILDU,2022-09-02,2019-07-02
197554,Luis Garicano,Renew,Spain,Ciudadanos – Partido de la Ciudadanía,2022-09-01,2019-07-02
197521,Manuel Bompard,The Left,France,La France Insoumise,2022-07-28,2019-07-02
197597,Hélène Laporte,ID,France,Rassemblement national,2022-07-28,2019-07-02
197686,Julie Lechanteux,ID,France,Rassemblement national,2022-07-28,2019-07-02
124765,Joëlle Mélin,ID,France,Rassemblement national,2022-07-28,2019-07-02
197499,Chrysoula Zacharopoulou,Renew,France,La République en marche,2022-05-19,2019-07-02
96911,Tanja Fajon,S&D,Slovenia,Socialni demokrati,2022-05-12,2019-07-02
1913,Evelyne Gebhardt,S&D,Germany,Sozialdemokratische Partei Deutschlands,2022-02-01,2019-07-02
96864,David Maria Sassoli,S&D,Italy,Partito Democratico,2022-01-11,2019-07-02
96844,Norbert Neuser,S&D,Germany,Sozialdemokratische Partei Deutschlands,2022-01-10,2019-07-02
197869,Liesje Schreinemacher,Renew,Netherlands,Volkspartij voor Vrijheid en Democratie,2022-01-09,2019-07-02
96730,Sven Giegold,Greens/EFA,Germany,Bündnis 90/Die Grünen,2021-12-15,2019-07-02
38542,Johan Danielsson,S&D,Sweden,Arbetarepartiet- Socialdemokraterna,2021-11-29,2019-07-02
124809,Sven Schulze,EPP,Germany,Christlich Demokratische Union Deutschlands,2021-09-28,2019-07-02
96706,João Ferreira,The Left,Portugal,Partido Comunista Português,2021-07-05,2019-07-02
119431,Ruža Tomašić,ECR,Croatia,Hrvatska konzervativna stranka,2021-06-30,2019-07-02
97133,Derk Jan Eppink,ECR,Netherlands,JA21,2021-03-30,2019-07-02
37229,Kati Piri,S&D,Netherlands,Partij van de Arbeid,2021-03-30,2019-07-02
197420,Kris Peeters,EPP,Belgium,Christen-Democratisch & Vlaams,2021-01-11,2019-07-02
23821,József Szájer,EPP,Hungary,Fidesz-Magyar Polgári Szövetség-Kereszténydemokrata Néppárt,2021-01-01,2019-07-02
197661,Cristian Ghinea,Renew,Romania,USR-PLUS,2020-12-22,2019-07-02
124989,Fredrick Federley,Renew,Sweden,Centerpartiet,2020-12-12,2019-07-02
197664,Clotilde Armand,Renew,Romania,Uniunea Salvați România,2020-11-03,2019-07-02
124970,Miriam Dalli,S&D,Malta,Partit Laburista,2020-10-18,2019-07-02
28115,Mairead Mcguinness,EPP,Ireland,Fine Gael Party,2020-10-11,2019-07-02
197471,Petra De Sutter,Greens/EFA,Belgium,Groen,2020-09-30,2019-07-02
124818,Klaus Buchner,Greens/EFA,Germany,Ökologisch-Demokratische Partei,2020-07-15,2019-07-02
124986,Matt Carthy,The Left,Ireland,Sinn Féin,2020-02-07,2019-07-02
204371,Heather Anderson,Greens/EFA,United Kingdom,Scottish National Party,2020-01-31,2020-01-27
197696,Scott Ainslie,Greens/EFA,United Kingdom,Green Party,2020-01-31,2019-07-02
197644,Christian Allard,Greens/EFA,United Kingdom,Scottish National Party,2020-01-31,2019-07-02
113959,Martina Anderson,The Left,United Kingdom,Sinn Fein,2020-01-31,2019-07-02
96955,Catherine Bearder,Renew,United Kingdom,Liberal Democrats,2020-01-31,2019-07-02
112014,Phil Bennion,Renew,United Kingdom,Liberal Democrats,2020-01-31,2019-07-02
197716,Jane Brophy,Renew,United Kingdom,Liberal Democrats,2020-01-31,2019-07-02
197715,David Bull,NI,United Kingdom,The Brexit Party,2020-01-31,2019-07-02
188733,Jonathan Bullock,NI,United Kingdom,The Brexit Party,2020-01-31,2019-07-02
197739,Judith Bunting,Renew,United Kingdom,Liberal Democrats,2020-01-31,2019-07-02
197714,Ellie Chowns,Greens/EFA,United Kingdom,Green Party,2020-01-31,2019-07-02
2309,Richard Corbett,S&D,United Kingdom,Labour Party,2020-01-31,2019-07-02
124952,Seb Dance,S&D,United Kingdom,Labour Party,2020-01-31,2019-07-02
197760,Martin Edward Daubney,NI,United Kingdom,The Brexit Party,2020-01-31,2019-07-02
4554,Chris Davies,Renew,United Kingdom,Liberal Democrats,2020-01-31,2019-07-02
197736,Belinda De Lucy,NI,United Kingdom,The Brexit Party,2020-01-31,2019-07-02
197693,Dinesh Dhamija,Renew,United Kingdom,Liberal Democrats,2020-01-31,2019-07-02
96951,Diane Dodds,NI,United Kingdom,Democratic Unionist Party,2020-01-31,2019-07-02
197613,Gina Dowding,Greens/EFA,United Kingdom,Green Party,2020-01-31,2019-07-02
197803,Andrew England Kerr,NI,United Kingdom,Independent,2020-01-31,2019-07-02
4550,Jill Evans,Greens/EFA,United Kingdom,Plaid Cymru - Party of Wales,2020-01-31,2019-07-02
4525,Nigel Farage,NI,United Kingdom,The Brexit Party,2020-01-31,2019-07-02
197703,Lance Forman,ECR,United Kingdom,The Brexit Party,2020-01-31,2019-07-02
197708,Claire Fox,NI,United Kingdom,The Brexit Party,2020-01-31,2019-07-02
197600,Barbara Ann Gibson,Renew,United Kingdom,Liberal Democrats,2020-01-31,2019-07-02
4533,Neena Gill,S&D,United Kingdom,Labour Party,2020-01-31,2019-07-02
124965,Nathan Gill,NI,United Kingdom,The Brexit Party,2020-01-31,2019-07-02
197751,James Alexander Glancy,NI,United Kingdom,The Brexit Party,2020-01-31,2019-07-02
124961,Theresa Griffin,S&D,United Kingdom,Labour Party,2020-01-31,2019-07-02
197642,Ben Habib,NI,United Kingdom,The Brexit Party,2020-01-31,2019-07-02
4555,Daniel Hannan,ECR,United Kingdom,Conservative Party,2020-01-31,2019-07-02
197809,Lucy Elizabeth Harris,ECR,United Kingdom,The Brexit Party,2020-01-31,2019-07-02
197601,Michael Heaver,NI,United Kingdom,The Brexit Party,2020-01-31,2019-07-02
197730,Antony Hook,Renew,United Kingdom,Liberal Democrats,2020-01-31,2019-07-02
197755,Martin Horwood,Renew,United Kingdom,Liberal Democrats,2020-01-31,2019-07-02
188636,John Howarth,S&D,United Kingdom,Labour Party,2020-01-31,2019-07-02
197758,Jackie Jones,S&D,United Kingdom,Labour Party,2020-01-31,2019-07-02
197752,Christina Sheila Jordan,NI,United Kingdom,The Brexit Party,2020-01-31,2019-07-02
124953,Jude Kirton-Darling,S&D,United Kingdom,Labour Party,2020-01-31,2019-07-02
197816,Naomi Long,Renew,United Kingdom,Alliance Party of Northern Ireland,2020-01-31,2019-07-02
197807,John Longworth,ECR,United Kingdom,The Brexit Party,2020-01-31,2019-07-02
197759,Rupert Lowe,NI,United Kingdom,The Brexit Party,2020-01-31,2019-07-02
111011,Anthea Mcintyre,ECR,United Kingdom,Conservative Party,2020-01-31,2019-07-02
30490,Aileen Mcleod,Greens/EFA,United Kingdom,Scottish National Party,2020-01-31,2019-07-02
197812,Magid Magid,Greens/EFA,United Kingdom,Green Party,2020-01-31,2019-07-02
189391,Baroness Nosheena Mobarik,ECR,United Kingdom,Conservative Party,2020-01-31,2019-07-02
197811,Shaffaq Mohammed,Renew,United Kingdom,Liberal Democrats,2020-01-31,2019-07-02
197704,Brian Monteith,NI,United Kingdom,The Brexit Party,2020-01-31,2019-07-02
4519,Claude Moraes,S&D,United Kingdom,Labour Party,2020-01-31,2019-07-02
197603,June Alison Mummery,NI,United Kingdom,The Brexit Party,2020-01-31,2019-07-02
197604,Lucy Nethsingha,Renew,United Kingdom,Liberal Democrats,2020-01-31,2019-07-02
1394,Bill Newton Dunn,Renew,United Kingdom,Liberal Democrats,2020-01-31,2019-07-02
197712,Henrik Overgaard Nielsen,NI,United Kingdom,The Brexit Party,2020-01-31,2019-07-02
190099,Rory Palmer,S&D,United Kingdom,Labour Party,2020-01-31,2019-07-02
197620,Matthew Patten,NI,United Kingdom,The Brexit Party,2020-01-31,2019-07-02
197710,Alexandra Louise Rosenfield Phillips,Greens/EFA,United Kingdom,Green Party,2020-01-31,2019-07-02
99461,Alexandra Lesley Phillips,NI,United Kingdom,The Brexit Party,2020-01-31,2019-07-02
197700,Luisa Porritt,Renew,United Kingdom,Liberal Democrats,2020-01-31,2019-07-02
197813,Jake Pugh,NI,United Kingdom,The Brexit Party,2020-01-31,2019-07-02
197612,Annunziata Mary Rees-Mogg,ECR,United Kingdom,The Brexit Party,2020-01-31,2019-07-02
197815,Sheila Ritchie,Renew,United Kingdom,Liberal Democrats,2020-01-31,2019-07-02
197602,Catherine Rowett,Greens/EFA,United Kingdom,Green Party,2020-01-31,2019-07-02
197733,Robert Rowland,NI,United Kingdom,The Brexit Party,2020-01-31,2019-07-02
124942,Molly Scott Cato,Greens/EFA,United Kingdom,Green Party,2020-01-31,2019-07-02
197814,Louis Stedman-Bryce,NI,United Kingdom,Independent,2020-01-31,2019-07-02
197705,John David Edward Tennant,NI,United Kingdom,The Brexit Party,2020-01-31,2019-07-02
197599,Richard Tice,NI,United Kingdom,The Brexit Party,2020-01-31,2019-07-02
4513,Geoffrey Van Orden,ECR,United Kingdom,Conservative Party,2020-01-31,2019-07-02
197749,Caroline Voaden,Renew,United Kingdom,Liberal Democrats,2020-01-31,2019-07-02
197625,Irina Von Wiese,Renew,United Kingdom,Liberal Democrats,2020-01-31,2019-07-02
124963,Julie Ward,S&D,United Kingdom,Labour Party,2020-01-31,2019-07-02
197757,James Wells,NI,United Kingdom,The Brexit Party,2020-01-31,2019-07-02
197744,Ann Widdecombe,NI,United Kingdom,The Brexit Party,2020-01-31,2019-07-02
197643,Karoline Edtstadler,EPP,Austria,Österreichische Volkspartei,2020-01-06,2019-07-02
96708,Oriol Junqueras I Vies,NI,Spain,Esquerra Republicana de Catalunya,2020-01-02,2019-07-02
28508,Alyn Smith,Greens/EFA,United Kingdom,Scottish National Party,2019-12-12,2019-07-02
197428,Nicolas Schmit,S&D,Luxembourg,Parti ouvrier socialiste luxembourgeois,2019-11-30,2019-07-02
119434,Dubravka Šuica,EPP,Croatia,Hrvatska demokratska zajednica,2019-11-30,2019-07-02
37324,Adina-Ioana Vălean,EPP,Romania,Partidul Naţional Liberal,2019-11-30,2019-07-02
96892,Roberto Gualtieri,S&D,Italy,Partito Democratico,2019-09-05,2019-07-02
197640,André Jorge Dionísio Bradford,S&D,Portugal,Partido Socialista,2019-07-18,2019-07-02
197747,Kyriakos Velopoulos,ECR,Greece,Elliniki Lusi-Greek Solution,2019-07-06,2019-07-02
124870,Jeppe Kofod,S&D,Denmark,Socialdemokratiet,2019-07-02,2019-07-02
129141,Frans Timmermans,S&D,Netherlands,Partij van de Arbeid,2019-07-02,2019-07-02
