Name,EuParty,NationalParty,EntryDate,LeaveDate,PersId,accredited,accredited assistants (grouping),local,local assistants (grouping),Avg_accredited,Avg_local,Avg_accredited assistants (grouping),Avg_local assistants (grouping)
François Alfonsi,Greens/EFA,Régions et Peuples Solidaires,2019-06-02,2024-07-02,96750,5,12,2,0,1101,1635,686,0
Sergio Berlato,ECR,Fratelli d'Italia,2020-02-01,2024-07-02,4746,2,0,29,0,1476,299,0,0
Adam Bielan,ECR,Prawo i Sprawiedliwość,2019-06-02,2024-07-02,23788,5,0,19,0,600,406,0,0
Phil Bennion,Renew,Liberal Democrats,2019-07-02,2020-01-31,112014,2,1,3,0,136,194,30,0
Chris Davies,Renew,Liberal Democrats,2019-07-02,2020-01-31,4554,3,1,6,0,166,80,30,0
Carlo Fidanza,ECR,Fratelli d'Italia,2019-06-02,2024-07-02,96810,4,2,17,0,711,630,857,0
Pablo Arias Echeverría,EPP,Partido Popular,2019-06-02,2024-07-02,96808,9,12,3,0,520,404,774,0
Antonius Manders,EPP,Christen Democratisch Appèl,2019-06-02,2024-07-02,4560,5,4,8,0,649,311,382,0
Katarína Roth Neveďalová,NI,SMER-Sociálna demokracia,2022-12-30,2024-07-02,96653,2,1,2,0,391,317,403,0
Bill Newton Dunn,Renew,Liberal Democrats,2019-07-02,2020-01-31,1394,2,1,0,0,98,0,30,0
Rovana Plumb,S&D,Partidul Social Democrat,2019-06-02,2024-07-02,38595,4,0,1,0,1301,256,0,0
José Manuel García-Margallo Y Marfil,EPP,Partido Popular,2019-06-02,2024-07-02,1992,6,5,3,0,865,552,366,0
Johan Van Overtveldt,ECR,Nieuw-Vlaamse Alliantie,2019-06-02,2024-07-02,125106,7,0,0,0,955,0,0,0
Silvio Berlusconi,EPP,Forza Italia,2019-07-02,2022-10-12,4391,1,0,1,0,1140,1110,0,0
Andrus Ansip,Renew,Eesti Reformierakond,2019-06-02,2024-07-02,124696,5,0,0,0,745,0,0,0
Ljudmila Novak,EPP,Nova Slovenija – Krščanski demokrati,2019-06-02,2024-07-02,28294,2,0,1,0,1715,1622,0,0
María Soraya Rodríguez Ramos,Renew,Ciudadanos – Partido de la Ciudadanía,2019-06-02,2024-07-02,4344,8,20,0,7,613,0,558,750
Balázs Hidvéghi,NI,Fidesz-Magyar Polgári Szövetség-Kereszténydemokrata Néppárt,2019-06-02,2024-07-02,124586,7,6,0,0,674,0,918,0
Fabienne Keller,Renew,Agir - La Droite constructive,2019-06-02,2024-07-02,22858,3,13,5,0,1324,659,483,0
Pascal Canfin,Renew,Liste Renaissance,2019-06-02,2024-07-02,96711,6,13,1,0,1017,23,483,0
Maria Da Graça Carvalho,EPP,Partido Social Democrata,2019-06-02,2024-07-02,96867,5,6,1,0,1105,281,794,0
Derk Jan Eppink,ECR,JA21,2019-07-02,2021-03-30,97133,3,2,0,0,611,0,606,0
Enikő Győri,NI,Fidesz-Magyar Polgári Szövetség-Kereszténydemokrata Néppárt,2019-06-02,2024-07-02,96830,5,6,6,0,987,459,918,0
Corina Crețu,S&D,PRO Romania,2019-06-02,2024-07-02,33997,4,0,3,0,1211,877,0,0
Baroness Nosheena Mobarik,ECR,Conservative Party,2019-07-02,2020-01-31,189391,3,0,2,0,243,43,0,0
Dietmar Köster,S&D,Sozialdemokratische Partei Deutschlands,2019-06-02,2024-07-02,124822,2,7,6,0,1822,820,1170,0
Željana Zovko,EPP,Hrvatska demokratska zajednica,2019-06-02,2024-07-02,185341,7,0,6,0,758,580,0,0
Caroline Nagtegaal,Renew,Volkspartij voor Vrijheid en Democratie,2019-06-02,2024-07-02,190519,8,4,0,0,660,0,756,0
Annie Schreijer-Pierik,EPP,Christen Democratisch Appèl,2019-06-02,2024-07-02,125030,5,5,1,0,950,815,586,0
Udo Bullmann,S&D,Sozialdemokratische Partei Deutschlands,2019-06-02,2024-07-02,4267,7,8,8,0,666,445,1038,0
Angelika Niebler,EPP,Christlich-Soziale Union in Bayern e.V.,2019-06-02,2024-07-02,4289,8,11,19,7,662,698,582,579
Esther De Lange,EPP,Christen Democratisch Appèl,2019-07-02,2024-02-15,38398,9,4,1,0,704,192,603,0
Axel Voss,EPP,Christlich Demokratische Union Deutschlands,2019-06-02,2024-07-02,96761,3,11,4,5,1721,1047,582,621
Morten Løkkegaard,Renew,"Venstre, Danmarks Liberale Parti",2019-06-02,2024-07-02,96709,5,15,0,3,588,0,336,549
Dennis Radtke,EPP,Christlich Demokratische Union Deutschlands,2019-06-02,2024-07-02,188945,5,11,7,5,1226,1173,582,621
Jörg Meuthen,NI,Independent,2019-06-02,2024-07-02,190518,5,3,2,0,862,692,214,0
Jakop G. Dalunde,Greens/EFA,Miljöpartiet de gröna,2020-02-01,2024-07-02,183338,4,25,0,0,349,0,694,0
Alessandra Moretti,S&D,Partito Democratico,2019-06-02,2024-07-02,124799,3,7,16,0,1715,657,923,0
Joachim Schuster,S&D,Sozialdemokratische Partei Deutschlands,2019-06-02,2024-07-02,124837,5,7,2,0,1093,1682,1185,0
Othmar Karas,EPP,Österreichische Volkspartei,2019-06-02,2024-07-02,4246,10,0,15,0,528,236,0,0
Markus Pieper,EPP,Christlich Demokratische Union Deutschlands,2019-06-02,2024-07-02,28224,7,13,9,5,583,621,605,621
Pedro Silva Pereira,S&D,Partido Socialista,2019-06-02,2024-07-02,124747,6,2,1,0,1118,1694,1066,0
Elżbieta Katarzyna Łukacijewska,EPP,Platforma Obywatelska,2019-06-02,2024-07-02,96791,6,3,6,0,803,1335,610,0
Morten Petersen,Renew,Det Radikale Venstre,2019-06-02,2024-07-02,124872,8,4,3,0,571,387,366,0
Nils Torvalds,Renew,Svenska folkpartiet,2019-06-02,2024-07-02,114268,7,0,1,0,916,1282,0,0
Sergei Stanishev,S&D,Bulgarian Socialist Party,2019-06-02,2024-07-02,124852,2,1,3,0,1592,1601,1822,0
Geoffrey Van Orden,ECR,Conservative Party,2019-07-02,2020-01-31,4513,2,0,0,0,167,0,0,0
József Szájer,EPP,Fidesz-Magyar Polgári Szövetség-Kereszténydemokrata Néppárt,2019-07-02,2021-01-01,23821,3,5,2,0,371,511,380,0
Romana Tomc,EPP,Slovenska demokratska stranka,2019-06-02,2024-07-02,125104,2,0,3,0,1726,687,0,0
Danuta Maria Hübner,EPP,Platforma Obywatelska,2019-06-02,2024-07-02,96779,8,2,7,0,819,445,842,0
Paolo De Castro,S&D,Partito Democratico,2019-06-02,2024-07-02,96891,4,5,2,0,1332,1492,931,0
Hilde Vautmans,Renew,Open Vlaamse Liberalen en Democraten,2019-06-02,2024-07-02,130100,8,6,3,0,806,354,628,0
Sven Schulze,EPP,Christlich Demokratische Union Deutschlands,2019-07-02,2021-09-28,124809,4,9,3,3,681,354,368,396
Julie Ward,S&D,Labour Party,2019-07-02,2020-01-31,124963,5,3,4,0,166,96,141,0
Asim Ademov,EPP,Citizens for European Development of Bulgaria,2019-06-02,2024-07-02,189525,4,2,8,5,1335,1231,353,403
Thomas Waitz,Greens/EFA,Die Grünen - Die Grüne Alternative,2020-02-01,2024-07-02,190464,6,0,11,0,1029,538,0,0
Martin Schirdewan,The Left,DIE LINKE.,2019-06-02,2024-07-02,190517,6,1,7,0,772,600,426,0
Elsi Katainen,Renew,Suomen Keskusta,2019-06-02,2024-07-02,191693,8,0,4,0,826,447,0,0
Giuseppe Ferrandino,Renew,Azione,2019-06-02,2024-07-02,192634,4,5,29,0,1095,226,934,0
Petra Kammerevert,S&D,Sozialdemokratische Partei Deutschlands,2019-06-02,2024-07-02,96837,3,7,2,0,1214,1679,1170,0
Sven Giegold,Greens/EFA,Bündnis 90/Die Grünen,2019-07-02,2021-12-15,96730,6,3,5,2,596,355,648,355
Jan Zahradil,ECR,Občanská demokratická strana,2019-06-02,2024-07-02,23712,3,1,3,0,1357,876,378,0
Rainer Wieland,EPP,Christlich Demokratische Union Deutschlands,2019-06-02,2024-07-02,2323,5,14,8,5,615,653,520,621
Róża Thun Und Hohenstein,Renew,Polska 2050,2019-06-02,2024-07-02,96776,5,2,8,0,986,784,483,0
Ryszard Antoni Legutko,ECR,Prawo i Sprawiedliwość,2019-06-02,2024-07-02,96796,1,1,6,0,1743,1603,686,0
Jan Huitema,Renew,Volkspartij voor Vrijheid en Democratie,2019-06-02,2024-07-02,58789,7,4,0,0,586,0,756,0
David Mcallister,EPP,Christlich Demokratische Union Deutschlands,2019-06-02,2024-07-02,124806,7,10,3,5,885,815,634,621
Zbigniew Kuźmiuk,ECR,Prawo i Sprawiedliwość,2019-07-02,2023-10-18,28389,2,0,13,0,1621,551,0,0
Bernd Lange,S&D,Sozialdemokratische Partei Deutschlands,2019-06-02,2024-07-02,1909,5,7,5,0,1024,631,1170,0
Anthea Mcintyre,ECR,Conservative Party,2019-07-02,2020-01-31,111011,2,0,2,0,135,172,0,0
Marcel De Graaff,NI,Forum voor Democratie,2020-02-01,2024-07-02,125025,5,1,3,0,867,589,353,0
Jan Olbrycht,EPP,Platforma Obywatelska,2019-06-02,2024-07-02,28288,3,5,6,0,1182,1173,445,0
Paul Tang,S&D,Partij van de Arbeid,2019-06-02,2024-07-02,125020,6,15,1,2,974,242,398,808
Anders Vistisen,ID,Dansk Folkeparti,2022-11-22,2024-07-02,124875,7,1,1,0,555,1417,1417,0
Jude Kirton-Darling,S&D,Labour Party,2019-07-02,2020-01-31,124953,4,0,4,0,121,93,0,0
Siegfried Mureşan,EPP,Partidul Naţional Liberal,2019-06-02,2024-07-02,124802,7,2,5,0,534,734,895,0
Roberts Zīle,ECR,"Nacionālā apvienība ""Visu Latvijai!""-""Tēvzemei un Brīvībai/LNNK""",2019-06-02,2024-07-02,28615,4,0,7,0,1177,495,0,0
Viktor Uspaskich,NI,Darbo partija,2019-06-02,2024-07-02,96698,3,0,0,0,1563,0,0,0
Waldemar Tomaszewski,ECR,Lietuvos lenkų rinkimų akcija – Krikščioniškų šeimų sąjunga,2019-06-02,2024-07-02,96697,3,0,26,0,1220,529,0,0
Sabine Verheyen,EPP,Christlich Demokratische Union Deutschlands,2019-06-02,2024-07-02,96756,6,11,8,5,779,792,607,621
Richard Corbett,S&D,Labour Party,2019-07-02,2020-01-31,2309,4,0,2,0,237,166,0,0
Bogusław Liberadzki,S&D,Nowa Lewica,2019-06-02,2024-07-02,23768,2,1,13,0,1211,846,502,0
Inese Vaidere,EPP,"Partija ""VIENOTĪBA""",2019-06-02,2024-07-02,28617,5,0,27,0,754,397,0,0
Tom Vandenkendelaere,EPP,Christen-Democratisch & Vlaams,2021-01-25,2024-07-02,129164,9,1,0,0,807,0,696,0
Seb Dance,S&D,Labour Party,2019-07-02,2020-01-31,124952,4,0,4,0,182,112,0,0
Luděk Niedermayer,EPP,TOP 09 a Starostové,2019-06-02,2024-07-02,124701,2,1,11,0,1631,626,1822,0
Maria Noichl,S&D,Sozialdemokratische Partei Deutschlands,2019-06-02,2024-07-02,124836,4,7,2,0,1402,1710,1170,0
Constanze Krehl,S&D,Sozialdemokratische Partei Deutschlands,2019-07-02,2022-10-02,1854,4,5,6,0,628,516,1208,0
Iskra Mihaylova,Renew,Movement for Rights and Freedoms,2019-06-02,2024-07-02,125128,3,1,9,0,1205,1229,1715,0
Klaus Buchner,Greens/EFA,Ökologisch-Demokratische Partei,2019-07-02,2020-07-15,124818,5,1,4,0,256,311,288,0
Pilar Del Castillo Vera,EPP,Partido Popular,2019-06-02,2024-07-02,28390,4,11,1,0,1357,1700,848,0
João Pimenta Lopes,The Left,Partido Comunista Português,2021-07-06,2024-07-02,136236,3,0,6,0,918,760,0,0
Miguel Urbán Crespo,The Left,ANTICAPITALISTAS,2019-06-02,2024-07-02,131507,3,5,8,4,1304,527,760,651
Jonathan Bullock,NI,The Brexit Party,2019-07-02,2020-01-31,188733,1,1,3,0,213,74,193,0
Jordi Solé,Greens/EFA,Esquerra Republicana de Catalunya,2020-01-03,2024-07-02,185974,5,3,2,1,870,889,599,56
Pirkko Ruohonen-Lerner,ECR,Perussuomalaiset,2023-04-12,2024-07-02,132366,2,0,1,0,1663,223,0,0
Geoffroy Didier,EPP,Les Républicains,2019-06-02,2024-07-02,190774,5,0,5,0,977,380,0,0
Lívia Járóka,NI,Fidesz-Magyar Polgári Szövetség-Kereszténydemokrata Néppárt,2019-06-02,2024-07-02,28141,8,6,51,0,315,153,936,0
John Howarth,S&D,Labour Party,2019-07-02,2020-01-31,188636,4,0,3,0,212,178,0,0
Tiemo Wölken,S&D,Sozialdemokratische Partei Deutschlands,2019-06-02,2024-07-02,185619,5,7,8,0,1045,528,1170,0
Ana Miranda,Greens/EFA,Bloque Nacionalista Galego,2022-09-05,2024-07-02,24942,5,0,4,0,812,541,0,0
Danilo Oscar Lancini,ID,Lega,2019-06-02,2024-07-02,192635,6,2,7,0,629,209,8,0
Lukas Mandl,EPP,Österreichische Volkspartei,2019-06-02,2024-07-02,190713,7,3,29,0,571,220,314,0
Martin Häusling,Greens/EFA,Bündnis 90/Die Grünen,2019-06-02,2024-07-02,96752,2,6,6,3,1822,805,707,581
Philippe Lamberts,Greens/EFA,Ecologistes Confédérés pour l'Organisation de Luttes Originales,2019-06-02,2024-07-02,96648,4,6,0,0,1321,0,736,0
Roberto Gualtieri,S&D,Partito Democratico,2019-07-02,2019-09-05,96892,4,4,1,0,144,34,64,0
Anja Hazekamp,The Left,Partij voor de Dieren,2019-06-02,2024-07-02,125023,3,0,0,0,1794,0,0,0
Jadwiga Wiśniewska,ECR,Prawo i Sprawiedliwość,2019-06-02,2024-07-02,124877,3,0,7,0,775,1149,0,0
Tomáš Zdechovský,EPP,Křesťanská a demokratická unie - Československá strana lidová,2019-06-02,2024-07-02,124713,5,1,10,0,861,728,1715,0
Reinhard Bütikofer,Greens/EFA,Bündnis 90/Die Grünen,2019-06-02,2024-07-02,96739,6,6,5,3,1221,745,707,581
Peter Van Dalen,EPP,ChristenUnie,2019-07-02,2023-09-03,96809,5,0,2,0,896,815,0,0
Andreas Schwab,EPP,Christlich Demokratische Union Deutschlands,2019-06-02,2024-07-02,28223,10,10,7,5,500,739,634,621
István Ujhelyi,S&D,Esély Közösség,2019-06-02,2024-07-02,124705,4,1,0,0,1408,0,1521,0
Adina-Ioana Vălean,EPP,Partidul Naţional Liberal,2019-07-02,2019-11-30,37324,3,1,3,0,257,86,257,0
Miapetra Kumpula-Natri,S&D,Suomen Sosialidemokraattinen Puolue/Finlands Socialdemokratiska Parti,2019-06-02,2024-07-02,124735,14,0,8,0,366,244,0,0
Jana Toom,Renew,Eesti Keskerakond,2019-06-02,2024-07-02,124700,5,0,14,0,964,439,0,0
Petri Sarvamaa,EPP,Kansallinen Kokoomus,2019-06-02,2024-07-02,112611,8,0,2,0,652,289,0,0
Kateřina Konečná,The Left,Komunistická strana Čech a Moravy,2019-06-02,2024-07-02,23699,3,0,4,0,1248,1553,0,0
Rosa D'amato,Greens/EFA,Independent,2019-06-02,2024-07-02,124835,5,12,4,0,864,782,438,0
Nigel Farage,NI,The Brexit Party,2019-07-02,2020-01-31,4525,1,0,4,0,46,114,0,0
Norbert Lins,EPP,Christlich Demokratische Union Deutschlands,2019-06-02,2024-07-02,124808,6,13,7,5,869,661,542,621
Jacek Saryusz-Wolski,ECR,Prawo i Sprawiedliwość,2019-06-02,2024-07-02,28297,10,0,2,0,590,1664,0,0
Sandra Kalniete,EPP,"Partija ""VIENOTĪBA""",2019-06-02,2024-07-02,96934,3,0,6,0,1590,997,0,0
Ádám Kósa,NI,Fidesz-Magyar Polgári Szövetség-Kereszténydemokrata Néppárt,2019-06-02,2024-07-02,96829,3,6,1,0,1786,1700,936,0
Cornelia Ernst,The Left,DIE LINKE.,2019-06-02,2024-07-02,96852,5,4,14,0,728,603,676,0
Agnes Jongerius,S&D,Partij van de Arbeid,2019-06-02,2024-07-02,125021,5,15,0,1,953,0,401,1503
Marian-Jean Marinescu,EPP,Partidul Naţional Liberal,2019-06-02,2024-07-02,33982,6,3,8,0,1194,507,832,0
Jerzy Buzek,EPP,Platforma Obywatelska,2019-06-02,2024-07-02,28269,3,3,9,0,1367,824,610,0
Stanislav Polčák,EPP,Starostové a nezávisli,2019-06-02,2024-07-02,124704,3,1,2,0,1330,841,1822,0
Karima Delli,Greens/EFA,Europe Écologie,2019-06-02,2024-07-02,96868,9,15,1,1,609,77,567,5
Martina Michels,The Left,DIE LINKE.,2019-06-02,2024-07-02,120478,2,1,2,0,1822,1706,668,0
Kati Piri,S&D,Partij van de Arbeid,2019-07-02,2021-03-30,37229,4,12,0,1,565,0,204,355
Anne Sander,EPP,Les Républicains,2019-06-02,2024-07-02,24594,8,3,0,0,676,0,1122,0
Jill Evans,Greens/EFA,Plaid Cymru - Party of Wales,2019-07-02,2020-01-31,4550,2,0,2,0,159,147,0,0
Iuliu Winkler,EPP,Uniunea Democrată Maghiară din România,2019-06-02,2024-07-02,39725,3,2,5,0,1822,1341,895,0
Jens Geier,S&D,Sozialdemokratische Partei Deutschlands,2019-06-02,2024-07-02,96833,5,7,5,0,902,1358,1185,0
Jiří Pospíšil,EPP,TOP 09 a Starostové,2019-06-02,2024-07-02,125706,3,1,3,0,1276,241,1822,0
Charles Goerens,Renew,Parti démocratique,2019-06-02,2024-07-02,840,11,0,0,0,608,0,0,0
Tomasz Piotr Poręba,ECR,Prawo i Sprawiedliwość,2019-06-02,2024-07-02,96801,3,0,4,0,1822,812,0,0
Martina Dlabajová,Renew,Independent,2019-06-02,2024-07-02,124709,10,1,8,0,581,355,1552,0
Tanja Fajon,S&D,Socialni demokrati,2019-07-02,2022-05-12,96911,2,1,3,0,1098,866,185,0
Norbert Neuser,S&D,Sozialdemokratische Partei Deutschlands,2019-07-02,2022-01-10,96844,2,5,2,0,1029,837,922,0
Nathan Gill,NI,The Brexit Party,2019-07-02,2020-01-31,124965,1,1,3,0,193,156,193,0
Monika Vana,Greens/EFA,Die Grünen - Die Grüne Alternative,2019-06-02,2024-07-02,124934,6,0,6,0,843,601,0,0
Gabriel Mato,EPP,Partido Popular,2020-02-01,2024-07-02,96936,7,19,5,0,734,229,634,0
Brando Benifei,S&D,Partito Democratico,2019-06-02,2024-07-02,124867,7,7,21,0,1041,224,1114,0
Daniel Caspary,EPP,Christlich Demokratische Union Deutschlands,2019-06-02,2024-07-02,28219,5,10,13,5,1080,476,634,621
Janusz Lewandowski,EPP,Platforma Obywatelska,2019-06-02,2024-07-02,23781,5,3,3,0,697,1410,610,0
Arnaud Danjean,EPP,Les Républicains,2019-06-02,2024-07-02,96747,3,3,0,0,1597,0,1122,0
David Maria Sassoli,S&D,Partito Democratico,2019-07-02,2022-01-11,96864,3,4,2,0,701,812,559,0
Molly Scott Cato,Greens/EFA,Green Party,2019-07-02,2020-01-31,124942,3,2,9,0,256,83,94,0
Milan Zver,EPP,Slovenska demokratska stranka,2019-06-02,2024-07-02,96933,5,0,5,0,892,322,0,0
Esteban González Pons,EPP,Partido Popular,2019-07-02,2023-08-16,125027,5,11,2,0,1009,756,741,0
Evelyne Gebhardt,S&D,Sozialdemokratische Partei Deutschlands,2019-07-02,2022-02-01,1913,5,5,2,0,630,907,944,0
Sirpa Pietikäinen,EPP,Kansallinen Kokoomus,2019-06-02,2024-07-02,40599,7,1,4,0,805,857,185,0
Michael Gahler,EPP,Christlich Demokratische Union Deutschlands,2019-06-02,2024-07-02,2341,5,10,2,5,1057,1708,634,621
Carlos Zorrinho,S&D,Partido Socialista,2019-06-02,2024-07-02,124739,4,3,0,0,1336,0,750,0
Cláudia Monteiro De Aguiar,EPP,Partido Social Democrata,2019-06-02,2024-07-02,124734,4,6,2,0,937,777,811,0
Tatjana Ždanoka,NI,Latvijas Krievu savienība,2019-06-02,2024-07-02,28619,2,0,16,0,1715,1165,0,0
Bronis Ropė,Greens/EFA,Lietuvos valstiečių ir žaliųjų sąjunga,2019-06-02,2024-07-02,125214,2,0,21,0,1718,818,0,0
Henna Virkkunen,EPP,Kansallinen Kokoomus,2019-06-02,2024-07-02,124726,6,0,6,0,916,316,0,0
Theodoros Zagorakis,EPP,Nea Demokratia,2019-06-02,2024-07-02,125067,7,0,4,0,694,246,0,0
Kosma Złotowski,ECR,Prawo i Sprawiedliwość,2019-06-02,2024-07-02,124884,2,1,35,0,1542,469,44,0
Kathleen Van Brempt,S&D,Vooruit,2019-06-02,2024-07-02,5729,11,0,2,0,728,601,0,0
Ulrike Müller,Renew,Freie Wähler,2019-06-02,2024-07-02,124862,9,0,4,0,613,918,0,0
Andrey Novakov,EPP,Citizens for European Development of Bulgaria,2019-06-02,2024-07-02,107212,4,2,11,5,1677,828,353,442
Stelios Kouloglou,The Left,Independent,2019-06-02,2024-07-02,130833,8,0,20,0,785,386,0,0
Herbert Dorfmann,EPP,Südtiroler Volkspartei,2019-06-02,2024-07-02,96787,8,1,1,0,678,1684,31,0
France Jamet,ID,Rassemblement national,2019-06-02,2024-07-02,189065,4,2,3,0,970,738,715,0
Rory Palmer,S&D,Labour Party,2019-07-02,2020-01-31,190099,3,0,1,0,197,164,0,0
Romeo Franz,Greens/EFA,Bündnis 90/Die Grünen,2019-06-02,2024-07-02,193273,10,11,13,3,484,225,600,581
Tilly Metz,Greens/EFA,Déi Gréng - Les Verts,2019-06-02,2024-07-02,193292,9,0,3,0,735,581,0,0
Ignazio Corrao,Greens/EFA,Independent,2019-06-02,2024-07-02,124856,7,11,3,0,839,855,465,0
Javier Nart,Renew,Independiente,2019-06-02,2024-07-02,125005,6,0,1,0,865,1638,0,0
Manolis Kefalogiannis,EPP,Nea Demokratia,2019-06-02,2024-07-02,125068,4,2,26,0,1276,339,422,0
João Ferreira,The Left,Partido Comunista Português,2019-07-02,2021-07-05,96706,2,0,4,0,720,494,0,0
Mara Bizzotto,ID,Lega,2019-07-02,2022-10-12,97198,3,0,7,0,930,522,0,0
Marisa Matias,The Left,Bloco de Esquerda,2019-06-02,2024-07-02,96820,3,0,4,0,1724,932,0,0
Urmas Paet,Renew,Eesti Reformierakond,2019-06-02,2024-07-02,129073,4,0,2,0,1353,590,0,0
Marco Zanni,ID,Lega,2019-06-02,2024-07-02,124780,5,2,11,0,832,381,8,0
Ivan Štefanec,EPP,Kresťanskodemokratické hnutie,2019-06-02,2024-07-02,124929,6,0,8,0,739,717,0,0
Fulvio Martusciello,EPP,Forza Italia,2019-06-02,2024-07-02,124828,6,0,64,0,980,171,0,0
Paulo Rangel,EPP,Partido Social Democrata,2019-06-02,2024-07-02,96903,4,6,1,0,1303,1679,812,0
Eva Kaili,NI,Independent,2019-06-02,2024-07-02,125109,13,1,5,0,367,198,270,0
Dimitrios Papadimoulis,The Left,Independent,2019-06-02,2024-07-02,28586,3,0,10,0,1593,864,0,0
Carlos Coelho,EPP,Partido Social Democrata,2023-07-07,2024-07-02,1892,8,5,0,0,872,0,505,0
Nuno Melo,EPP,Partido do Centro Democrático Social-Partido Popular,2019-06-02,2024-07-02,96978,3,0,1,0,1822,664,0,0
Javi López,S&D,Partit dels Socialistes de Catalunya,2019-06-02,2024-07-02,125042,6,1,3,1,843,463,590,132
Victor Negrescu,S&D,Partidul Social Democrat,2020-02-01,2024-07-02,88882,7,0,30,0,403,178,0,0
Marc Tarabella,NI,Independent,2019-06-02,2024-07-02,29579,6,3,0,0,728,0,1344,0
Aldo Patriciello,ID,Lega,2019-06-02,2024-07-02,36392,2,0,8,0,1822,689,0,0
Miriam Dalli,S&D,Partit Laburista,2019-07-02,2020-10-18,124970,5,0,10,0,339,301,0,0
Antonio Tajani,EPP,Forza Italia,2019-07-02,2022-10-12,2187,5,1,8,0,881,327,31,0
András Gyürk,NI,Fidesz-Magyar Polgári Szövetség-Kereszténydemokrata Néppárt,2019-06-02,2024-07-02,23816,3,6,1,0,1166,258,936,0
Brice Hortefeux,EPP,Les Républicains,2019-06-02,2024-07-02,5565,2,2,4,0,911,1178,71,0
Younous Omarjee,The Left,La France Insoumise,2019-06-02,2024-07-02,30482,4,5,3,0,1456,345,509,0
Ryszard Czarnecki,ECR,Prawo i Sprawiedliwość,2019-06-02,2024-07-02,28372,2,1,13,0,1678,758,1715,0
Pascal Arimont,EPP,Christlich Soziale Partei,2019-06-02,2024-07-02,24922,3,0,1,0,1822,1515,0,0
Laura Ferrara,NI,Movimento 5 Stelle,2019-06-02,2024-07-02,124833,3,13,6,0,1521,588,918,0
Piernicola Pedicini,Greens/EFA,Independent,2019-06-02,2024-07-02,124844,5,11,14,0,1281,388,465,0
Tiziana Beghin,NI,Movimento 5 Stelle,2019-06-02,2024-07-02,124777,3,12,5,0,1326,1001,944,0
Ernest Urtasun,Greens/EFA,Catalunya en Comú,2019-07-02,2023-11-20,124972,5,3,1,0,1011,967,495,0
Nicola Danti,Renew,Italia Viva – Il Centro,2019-09-05,2024-07-02,124821,6,6,11,0,878,230,374,0
Krzysztof Hetman,EPP,Polskie Stronnictwo Ludowe,2019-07-02,2023-10-18,124895,3,3,6,1,1675,961,561,308
Georg Mayer,ID,Freiheitliche Partei Österreichs,2019-06-02,2024-07-02,38511,3,3,11,2,238,782,535,567
Csaba Molnár,S&D,Demokratikus Koalíció,2019-06-02,2024-07-02,124722,2,17,1,0,1253,469,523,0
Alyn Smith,Greens/EFA,Scottish National Party,2019-07-02,2019-12-12,28508,1,0,3,5,269,40,0,43
Catherine Bearder,Renew,Liberal Democrats,2019-07-02,2020-01-31,96955,5,1,0,0,135,0,30,0
Ska Keller,Greens/EFA,Bündnis 90/Die Grünen,2019-06-02,2024-07-02,96734,6,6,4,3,863,854,708,581
Malin Björk,The Left,Vänsterpartiet,2019-06-02,2024-07-02,124992,6,3,0,0,846,0,539,0
Claude Moraes,S&D,Labour Party,2019-07-02,2020-01-31,4519,3,0,2,0,300,163,0,0
Fredrick Federley,Renew,Centerpartiet,2019-07-02,2020-12-12,124989,7,0,0,0,287,0,0,0
Roberta Metsola,EPP,Partit Nazzjonalista,2019-06-02,2024-07-02,118859,9,0,9,0,564,893,0,0
Inma Rodríguez-Piñero,S&D,Partido Socialista Obrero Español,2019-06-02,2024-07-02,125043,1,80,0,0,544,0,944,0
Caterina Chinnici,EPP,Forza Italia,2019-06-02,2024-07-02,124861,9,6,9,0,646,386,1130,0
Evžen Tošenovský,ECR,Občanská demokratická strana,2019-06-02,2024-07-02,96713,2,0,2,0,1822,1709,0,0
Jeroen Lenaers,EPP,Christen Democratisch Appèl,2019-06-02,2024-07-02,95074,5,5,5,0,1090,495,597,0
Maria Arena,S&D,Parti Socialiste,2019-06-02,2024-07-02,124936,6,2,4,0,928,530,1215,0
Sophia In 't Veld,Renew,Independent,2019-06-02,2024-07-02,28266,4,5,2,0,1699,124,334,0
Nadine Morano,EPP,Les Républicains,2019-06-02,2024-07-02,72779,3,0,2,0,861,958,0,0
Martin Sonneborn,NI,Die PARTEI,2019-06-02,2024-07-02,124834,3,1,7,0,1174,721,372,0
Dominique Riquet,Renew,Mouvement Radical Social-Libéral,2019-06-02,2024-07-02,96885,5,13,0,0,1090,0,483,0
Joëlle Mélin,ID,Rassemblement national,2019-07-02,2022-07-28,124765,2,0,3,0,1077,723,0,0
Christian Ehler,EPP,Christlich Demokratische Union Deutschlands,2019-06-02,2024-07-02,28226,6,10,7,5,935,715,634,621
Mercedes Bresso,S&D,Partito Democratico,2023-04-06,2024-07-02,28346,5,7,9,0,1027,817,764,0
Peter Liese,EPP,Christlich Demokratische Union Deutschlands,2019-06-02,2024-07-02,1927,9,10,4,5,637,1132,634,621
Simona Bonafè,S&D,Partito Democratico,2019-07-02,2022-10-12,124814,2,4,6,0,1304,394,764,0
Markus Ferber,EPP,Christlich-Soziale Union in Bayern e.V.,2019-06-02,2024-07-02,1917,7,13,9,5,807,345,605,621
Angelo Ciocca,ID,Lega,2019-06-02,2024-07-02,183793,4,2,12,0,1154,502,8,0
Christophe Hansen,EPP,Parti chrétien social luxembourgeois,2019-07-02,2023-10-23,193419,8,0,1,0,806,269,0,0
Seán Kelly,EPP,Fine Gael Party,2019-06-02,2024-07-02,96668,10,0,3,0,476,687,0,0
Emil Radev,EPP,Citizens for European Development of Bulgaria,2019-06-02,2024-07-02,124850,3,2,7,3,1766,1628,353,487
Juan Fernando López Aguilar,S&D,Partido Socialista Obrero Español,2019-06-02,2024-07-02,96812,2,79,0,0,383,0,956,0
Petras Auštrevičius,Renew,Lietuvos Respublikos liberalų sąjūdis,2019-06-02,2024-07-02,124766,2,0,8,0,1733,1634,0,0
Eva Maydell,EPP,Citizens for European Development of Bulgaria,2019-06-02,2024-07-02,98341,7,0,10,3,725,994,0,487
Lara Comi,EPP,Forza Italia,2022-11-02,2024-07-02,96775,4,0,6,0,537,841,0,0
Iratxe García Pérez,S&D,Partido Socialista Obrero Español,2019-06-02,2024-07-02,28298,1,79,0,0,759,0,956,0
Elissavet Vozemberg-Vrionidi,EPP,Nea Demokratia,2019-06-02,2024-07-02,125065,3,0,6,0,1446,329,0,0
Maite Pagazaurtundúa,Renew,Delegación Ciudadanos Europeos,2019-06-02,2024-07-02,125038,4,20,2,7,1178,655,558,797
Guy Verhofstadt,Renew,Open Vlaamse Liberalen en Democraten,2019-06-02,2024-07-02,97058,3,3,0,0,1467,0,420,0
Michaela Šojdrová,EPP,Křesťanská a demokratická unie - Československá strana lidová,2019-06-02,2024-07-02,124710,7,3,5,0,858,627,953,0
Demetris Papadakis,S&D,Movement for Social Democracy EDEK,2019-06-02,2024-07-02,124692,3,0,11,0,1757,700,0,0
Peter Lundgren,ECR,Sverigedemokraterna,2019-06-02,2024-07-02,124996,3,1,0,1,944,0,155,792
Zdzisław Krasnodębski,ECR,Prawo i Sprawiedliwość,2019-06-02,2024-07-02,124891,4,0,15,0,1405,715,0,0
Patrizia Toia,S&D,Partito Democratico,2019-06-02,2024-07-02,28340,6,8,4,0,915,511,774,0
Alfred Sant,S&D,Partit Laburista,2019-06-02,2024-07-02,124781,4,0,9,0,966,1351,0,0
Francisco José Millán Mon,EPP,Partido Popular,2019-06-02,2024-07-02,28400,7,12,0,0,643,0,889,0
Michèle Rivasi,Greens/EFA,Europe Écologie,2019-07-02,2023-11-29,96743,5,12,3,0,993,551,652,0
Daniel Hannan,ECR,Conservative Party,2019-07-02,2020-01-31,4555,3,0,0,0,279,0,0,0
Manfred Weber,EPP,Christlich-Soziale Union in Bayern e.V.,2019-06-02,2024-07-02,28229,5,10,5,5,420,973,634,621
Tonino Picula,S&D,Socijaldemokratska partija Hrvatske,2019-06-02,2024-07-02,112744,3,0,3,0,1155,1184,0,0
Peter Jahr,EPP,Christlich Demokratische Union Deutschlands,2019-06-02,2024-07-02,96772,3,12,8,5,1285,1488,552,621
Antonio López-Istúriz White,EPP,Partido Popular,2019-06-02,2024-07-02,28399,7,12,2,0,602,500,850,0
Georgios Kyrtsos,Renew,Independent,2019-06-02,2024-07-02,125063,6,0,8,0,706,468,0,0
Izaskun Bilbao Barandica,Renew,Partido Nacionalista Vasco,2019-06-02,2024-07-02,96922,2,0,0,0,1822,0,0,0
Helmut Scholz,The Left,DIE LINKE.,2019-06-02,2024-07-02,96646,5,1,3,0,764,1123,668,0
Mairead Mcguinness,EPP,Fine Gael Party,2019-07-02,2020-10-11,28115,3,0,2,0,390,444,0,0
Maria Grapini,S&D,Partidul Umanist Social Liberal,2019-06-02,2024-07-02,124785,3,0,13,0,1818,490,0,0
Alessandra Mussolini,EPP,Forza Italia,2022-11-02,2024-07-02,28429,5,0,4,0,799,385,0,0
Heidi Hautala,Greens/EFA,Vihreä liitto,2019-06-02,2024-07-02,2054,9,0,2,1,679,498,0,84
Marco Zullo,Renew,Independent,2019-06-02,2024-07-02,125237,5,10,1,0,751,1684,568,0
Dan Nica,S&D,Partidul Social Democrat,2019-06-02,2024-07-02,124784,2,0,6,0,1666,1105,0,0
Jonás Fernández,S&D,Partido Socialista Obrero Español,2019-06-02,2024-07-02,125046,1,79,0,0,163,0,956,0
Karol Karski,ECR,Prawo i Sprawiedliwość,2019-06-02,2024-07-02,124887,1,0,10,0,1822,1463,0,0
Gerolf Annemans,ID,Vlaams Belang,2019-06-02,2024-07-02,124973,2,10,0,0,1738,0,814,0
Maria Spyraki,EPP,Nea Demokratia,2019-06-02,2024-07-02,125064,7,0,11,0,771,253,0,0
Monika Hohlmeier,EPP,Christlich-Soziale Union in Bayern e.V.,2019-06-02,2024-07-02,96780,10,11,9,5,528,573,607,621
Rosa Estaràs Ferragut,EPP,Partido Popular,2019-06-02,2024-07-02,96811,7,12,3,0,715,814,818,0
Pina Picierno,S&D,Partito Democratico,2019-06-02,2024-07-02,124846,6,6,23,0,644,390,1024,0
Andrea Cozzolino,NI,Partito Democratico,2019-06-02,2024-07-02,96880,8,4,9,0,514,233,944,0
Evelyn Regner,S&D,Sozialdemokratische Partei Österreichs,2019-06-02,2024-07-02,96998,7,7,1,0,700,1563,1022,0
Massimiliano Salini,EPP,Forza Italia,2019-06-02,2024-07-02,125670,4,1,8,0,882,1040,31,0
Terry Reintke,Greens/EFA,Bündnis 90/Die Grünen,2019-06-02,2024-07-02,103381,8,8,3,3,754,1134,677,581
Deirdre Clune,EPP,Fine Gael Party,2020-02-01,2024-07-02,124988,6,0,5,0,649,536,0,0
Sylvie Guillaume,S&D,Parti socialiste,2019-06-02,2024-07-02,96952,6,3,0,0,942,0,626,0
Costas Mavrides,S&D,Democratic Party,2019-06-02,2024-07-02,124691,2,0,2,0,1822,347,0,0
Ruža Tomašić,ECR,Hrvatska konzervativna stranka,2019-07-02,2021-06-30,119431,2,0,5,0,835,562,0,0
Isabella Adinolfi,EPP,Forza Italia,2019-06-02,2024-07-02,124831,5,10,18,0,889,353,568,0
Neena Gill,S&D,Labour Party,2019-07-02,2020-01-31,4533,5,0,1,0,162,56,0,0
Martina Anderson,The Left,Sinn Fein,2019-07-02,2020-01-31,113959,3,0,9,0,171,64,0,0
Anna Fotyga,ECR,Prawo i Sprawiedliwość,2019-06-02,2024-07-02,28353,2,0,21,0,1822,575,0,0
Andrey Kovatchev,EPP,Citizens for European Development of Bulgaria,2019-06-02,2024-07-02,97968,6,0,5,4,918,780,0,517
Frédérique Ries,Renew,Mouvement Réformateur,2019-06-02,2024-07-02,4253,4,1,0,0,1368,0,91,0
Yannick Jadot,Greens/EFA,Europe Écologie,2019-07-02,2023-09-23,96740,6,12,1,0,724,115,618,0
Birgit Sippel,S&D,Sozialdemokratische Partei Deutschlands,2019-06-02,2024-07-02,96932,6,7,3,0,1006,893,1170,0
Harald Vilimsky,ID,Freiheitliche Partei Österreichs,2019-06-02,2024-07-02,125001,2,1,5,2,439,998,952,647
Dubravka Šuica,EPP,Hrvatska demokratska zajednica,2019-07-02,2019-11-30,119434,3,0,6,0,211,31,0,0
Fabio Massimo Castaldo,Renew,Azione,2019-06-02,2024-07-02,124812,5,14,3,0,1113,1534,923,0
Kostas Papadakis,NI,Communist Party of Greece,2019-06-02,2024-07-02,125093,2,0,4,0,1695,1490,0,0
Emmanuel Maurel,The Left,Gauche républicaine et socialiste,2019-06-02,2024-07-02,24505,10,4,0,0,721,0,435,0
Ilhan Kyuchyuk,Renew,Movement for Rights and Freedoms,2019-06-02,2024-07-02,124866,2,1,12,0,1708,1349,1715,0
Eric Andrieu,S&D,Parti socialiste,2019-07-02,2023-06-01,113892,5,4,1,0,845,1414,725,0
Franc Bogovič,EPP,Slovenska ljudska stranka,2019-06-02,2024-07-02,125004,3,1,2,0,1154,1714,1686,0
Tamás Deutsch,NI,Fidesz-Magyar Polgári Szövetség-Kereszténydemokrata Néppárt,2019-06-02,2024-07-02,96826,4,6,0,0,1822,0,936,0
Kinga Gál,NI,Fidesz-Magyar Polgári Szövetség-Kereszténydemokrata Néppárt,2019-06-02,2024-07-02,28150,7,6,0,0,911,0,936,0
Dita Charanzová,Renew,Independent,2019-06-02,2024-07-02,124708,8,1,3,0,544,481,1552,0
Andrea Bocskor,NI,Fidesz-Magyar Polgári Szövetség-Kereszténydemokrata Néppárt,2019-06-02,2024-07-02,124712,7,6,0,0,854,0,936,0
Theresa Griffin,S&D,Labour Party,2019-07-02,2020-01-31,124961,5,0,3,0,170,196,0,0
Pascal Durand,S&D,Liste Renaissance,2019-06-02,2024-07-02,124693,4,11,0,0,1407,0,442,0
Luke Ming Flanagan,The Left,Independent,2019-06-02,2024-07-02,124985,4,0,2,0,1339,1487,0,0
György Hölvényi,EPP,Kereszténydemokrata Néppárt,2019-06-02,2024-07-02,124715,3,6,3,0,1741,373,419,0
Gilles Lebreton,ID,Rassemblement national,2019-06-02,2024-07-02,124738,2,2,2,0,1738,1356,715,0
José Manuel Fernandes,EPP,Partido Social Democrata,2019-06-02,2024-07-02,96899,6,6,1,0,640,851,812,0
Angel Dzhambazki,ECR,VMRO,2019-06-02,2024-07-02,124873,4,2,14,1,304,1164,1337,281
Jean-François Jalkh,ID,Rassemblement national,2019-06-02,2024-07-02,124770,6,1,1,0,644,420,1655,0
Ismail Ertug,S&D,Sozialdemokratische Partei Deutschlands,2019-07-02,2023-07-02,96842,4,6,7,0,1145,549,1240,0
Nikos Androulakis,S&D,PASOK-KINAL,2019-07-02,2023-05-02,125110,6,1,6,0,697,196,62,0
Eleonora Evi,Greens/EFA,Europa Verde,2019-07-02,2022-10-12,124779,9,12,1,0,456,138,427,0
Matt Carthy,The Left,Sinn Féin,2019-07-02,2020-02-07,124986,4,0,4,0,120,147,0,0
Vilija Blinkevičiūtė,S&D,Lietuvos socialdemokratų partija,2019-06-02,2024-07-02,96681,2,0,7,0,1362,1376,0,0
Andor Deli,NI,Fidesz-Magyar Polgári Szövetség-Kereszténydemokrata Néppárt,2019-06-02,2024-07-02,124714,4,6,0,0,1278,0,936,0
Clara Aguilera,S&D,Partido Socialista Obrero Español,2019-06-02,2024-07-02,125045,1,79,0,0,742,0,956,0
Dominique Bilde,ID,Rassemblement national,2019-06-02,2024-07-02,124771,6,1,2,0,559,401,696,0
Nicolas Bay,ECR,Reconquête!,2019-06-02,2024-07-02,124760,2,1,5,0,1700,726,696,0
Daniel Buda,EPP,Partidul Naţional Liberal,2019-06-02,2024-07-02,125012,9,3,19,0,548,561,682,0
Lefteris Christoforou,EPP,Democratic Rally,2019-07-02,2022-11-01,26837,4,0,8,0,469,508,0,0
Jens Gieseke,EPP,Christlich Demokratische Union Deutschlands,2019-06-02,2024-07-02,124807,5,14,11,5,790,516,537,621
Raffaele Fitto,ECR,Fratelli d'Italia,2019-07-02,2022-10-12,4465,8,2,36,0,550,218,608,0
Monika Beňová,NI,SMER-Sociálna demokracia,2019-06-02,2024-07-02,23868,3,1,0,0,1159,0,1715,0
David Casa,EPP,Partit Nazzjonalista,2019-06-02,2024-07-02,28122,3,0,9,0,1373,1307,0,0
Jarosław Kalinowski,EPP,Polskie Stronnictwo Ludowe,2019-06-02,2024-07-02,96771,3,3,2,2,1822,1395,610,224
Cristian-Silviu Buşoi,EPP,Partidul Naţional Liberal,2019-06-02,2024-07-02,38420,4,5,7,1,851,309,1098,301
Biljana Borzan,S&D,Socijaldemokratska partija Hrvatske,2019-06-02,2024-07-02,112748,4,0,3,0,945,1242,0,0
Matteo Adinolfi,ID,Lega,2019-06-02,2024-07-02,197826,2,0,18,0,1506,379,0,0
Magdalena Adamowicz,EPP,Independent,2019-06-02,2024-07-02,197490,5,3,14,0,919,282,610,0
Alex Agius Saliba,S&D,Partit Laburista,2019-06-02,2024-07-02,197403,2,0,15,0,1715,950,0,0
Mazaly Aguilar,ECR,VOX,2019-06-02,2024-07-02,198096,3,11,2,1,1087,347,271,209
Scott Ainslie,Greens/EFA,Green Party,2019-07-02,2020-01-31,197696,4,2,4,0,137,57,94,0
Alexander Alexandrov Yordanov,EPP,Union of Democratic Forces,2019-06-02,2024-07-02,197836,3,2,13,4,1221,775,353,497
Atidzhe Alieva-Veli,Renew,Movement for Rights and Freedoms,2019-06-02,2024-07-02,197848,4,2,8,0,745,1103,1420,0
Christian Allard,Greens/EFA,Scottish National Party,2019-07-02,2020-01-31,197644,3,0,3,0,129,79,0,0
Abir Al-Sahlani,Renew,Centerpartiet,2019-06-02,2024-07-02,197400,7,0,0,0,921,0,0,0
Álvaro Amaro,EPP,Partido Social Democrata,2019-07-02,2023-07-06,197746,6,5,3,0,722,503,755,0
Andris Ameriks,S&D,Gods kalpot Rīgai,2019-06-02,2024-07-02,197783,3,0,4,0,1695,1263,0,0
Christine Anderson,ID,Alternative für Deutschland,2019-06-02,2024-07-02,197475,8,2,2,0,718,759,230,0
Rasmus Andresen,Greens/EFA,Bündnis 90/Die Grünen,2019-06-02,2024-07-02,197448,7,6,5,3,835,695,710,581
Mathilde Androuët,ID,Rassemblement national,2019-06-02,2024-07-02,197691,2,1,2,0,1482,1496,1655,0
Attila Ara-Kovács,S&D,Demokratikus Koalíció,2019-06-02,2024-07-02,197587,4,16,0,2,804,0,545,443
Clotilde Armand,Renew,Uniunea Salvați România,2019-07-02,2020-11-03,197664,4,3,4,0,269,384,418,0
Bartosz Arłukowicz,EPP,Platforma Obywatelska,2019-07-02,2023-10-18,197492,4,3,7,0,787,527,561,0
Konstantinos Arvanitis,The Left,Coalition of the Radical Left,2019-06-02,2024-07-02,197701,7,0,8,0,945,755,0,0
Anna-Michelle Asimakopoulou,EPP,Nea Demokratia,2019-06-02,2024-07-02,197695,9,0,3,0,610,880,0,0
Manon Aubry,The Left,La France Insoumise,2019-06-02,2024-07-02,197533,6,4,3,0,1043,533,435,0
Carmen Avram,S&D,Partidul Social Democrat,2019-06-02,2024-07-02,197651,5,0,1,0,901,1695,0,0
Malik Azmani,Renew,Volkspartij voor Vrijheid en Democratie,2019-06-02,2024-07-02,197781,6,4,0,0,931,0,729,0
Simona Baldassarre,ID,Lega,2019-07-02,2023-04-02,197789,5,0,28,0,481,139,0,0
Marek Paweł Balt,S&D,Nowa Lewica,2019-06-02,2024-07-02,197495,7,1,2,0,538,948,395,0
Jordan Bardella,ID,Rassemblement national,2019-06-02,2024-07-02,131580,5,1,4,0,385,822,1655,0
Katarina Barley,S&D,Sozialdemokratische Partei Deutschlands,2019-06-02,2024-07-02,197433,8,7,5,0,595,965,1170,0
Pernando Barrena Arza,The Left,EH BILDU,2019-07-02,2022-09-02,197684,5,0,4,0,694,484,0,0
Pietro Bartolo,S&D,Partito Democratico,2019-06-02,2024-07-02,197808,4,8,5,0,1088,155,896,0
Traian Băsescu,EPP,Partidul Mișcarea Populară,2019-06-02,2024-07-02,197671,5,1,4,0,945,1233,199,0
Alessandra Basso,ID,Lega,2019-06-02,2024-07-02,197610,5,2,14,0,661,247,6,0
José Ramón Bauzá Díaz,Renew,Ciudadanos – Partido de la Ciudadanía,2019-06-02,2024-07-02,197779,7,20,2,7,632,773,558,750
Gunnar Beck,ID,Alternative für Deutschland,2019-06-02,2024-07-02,132191,5,4,6,1,793,310,301,490
Nicola Beer,Renew,Freie Demokratische Partei,2019-07-02,2023-12-31,197437,9,0,7,2,539,593,0,683
Aurélia Beigneux,ID,Rassemblement national,2019-06-02,2024-07-02,197680,3,2,5,0,1066,591,715,0
Marek Belka,S&D,Nowa Lewica,2019-06-02,2024-07-02,197496,3,2,14,0,1213,543,853,0
François-Xavier Bellamy,EPP,Les Républicains,2019-06-02,2024-07-02,197534,7,4,1,0,855,1595,932,0
Adrian-Dragoş Benea,S&D,Partidul Social Democrat,2019-06-02,2024-07-02,197658,2,0,4,0,1676,1002,0,0
Isabel Benjumea Benjumea,EPP,Partido Popular,2019-06-02,2024-07-02,197679,6,13,2,0,828,799,733,0
Hildegard Bentele,EPP,Christlich Demokratische Union Deutschlands,2019-06-02,2024-07-02,197408,5,10,3,5,752,1139,613,621
Lars Patrick Berg,ECR,Bündnis Deutschland,2019-06-02,2024-07-02,197478,5,1,3,0,974,291,205,0
Tom Berendsen,EPP,Christen Democratisch Appèl,2019-06-02,2024-07-02,197778,6,4,2,0,797,1346,583,0
Stefan Berger,EPP,Christlich Demokratische Union Deutschlands,2019-06-02,2024-07-02,197410,5,13,2,5,827,1171,580,621
Alexander Bernhuber,EPP,Österreichische Volkspartei,2019-06-02,2024-07-02,197648,15,3,7,0,324,701,410,0
Robert Biedroń,S&D,Nowa Lewica,2019-06-02,2024-07-02,197498,3,1,20,0,1086,283,1569,0
Stéphane Bijoux,Renew,La République en marche,2019-06-02,2024-07-02,197551,4,13,0,0,1096,0,483,0
Vladimír Bilčík,EPP,Independent,2019-06-02,2024-07-02,197771,6,0,12,0,616,344,0,0
Gabriele Bischoff,S&D,Sozialdemokratische Partei Deutschlands,2019-06-02,2024-07-02,197435,7,7,10,0,698,492,1170,0
Benoît Biteau,Greens/EFA,Europe Écologie,2019-06-02,2024-07-02,197512,4,14,1,0,1069,1468,677,0
Vasile Blaga,EPP,Partidul Naţional Liberal,2019-06-02,2024-07-02,197637,2,2,7,0,1715,1098,842,0
Hynek Blaško,NI,Aliance národních sil,2019-06-02,2024-07-02,197564,2,2,4,0,1222,1152,344,0
Michael Bloss,Greens/EFA,Bündnis 90/Die Grünen,2019-06-02,2024-07-02,197449,12,6,8,3,472,691,710,581
Damian Boeselager,Greens/EFA,Volt,2019-06-02,2024-07-02,197439,5,0,0,0,1336,0,0,0
Ioan-Rareş Bogdan,EPP,Partidul Naţional Liberal,2019-06-02,2024-07-02,197636,3,4,7,1,1564,627,1273,301
Manuel Bompard,The Left,La France Insoumise,2019-07-02,2022-07-28,197521,3,4,2,0,1004,665,423,0
Anna Bonfrisco,ID,Lega,2019-06-02,2024-07-02,197788,4,0,10,0,1148,371,0,0
Paolo Borchia,ID,Lega,2019-06-02,2024-07-02,101039,2,1,16,0,1691,314,1230,0
Marc Botenga,The Left,Parti du Travail de Belgique,2019-06-02,2024-07-02,187917,5,0,2,0,1066,372,0,0
Geert Bourgeois,ECR,Nieuw-Vlaamse Alliantie,2019-06-02,2024-07-02,197467,6,0,0,0,1106,0,0,0
Vlad-Marius Botoş,Renew,Uniunea Salvați România,2019-06-02,2024-07-02,197668,3,3,8,0,1324,923,832,0
Gilles Boyer,Renew,Horizons,2019-06-02,2024-07-02,197577,5,13,0,0,920,0,483,0
Patrick Breyer,Greens/EFA,Piratenpartei Deutschland,2019-06-02,2024-07-02,197431,7,12,4,0,734,830,272,0
Milan Brglez,S&D,Socialni demokrati,2019-06-02,2024-07-02,197446,2,2,5,0,1648,626,664,0
Saskia Bricmont,Greens/EFA,Ecologistes Confédérés pour l'Organisation de Luttes Originales,2019-06-02,2024-07-02,197470,5,1,0,0,1095,0,714,0
Jane Brophy,Renew,Liberal Democrats,2019-07-02,2020-01-31,197716,3,1,10,0,182,44,30,0
Joachim Stanisław Brudziński,ECR,Prawo i Sprawiedliwość,2019-06-02,2024-07-02,197501,1,0,11,0,1715,1088,0,0
Annika Bruna,ID,Rassemblement national,2019-06-02,2024-07-02,182995,5,2,0,0,1053,0,715,0
Sylvie Brunet,Renew,Mouvement Démocrate,2019-06-02,2024-07-02,197576,5,13,2,0,1024,764,483,0
Markus Buchheit,ID,Alternative für Deutschland,2019-06-02,2024-07-02,128483,2,4,7,1,1687,334,365,490
David Bull,NI,The Brexit Party,2019-07-02,2020-01-31,197715,2,0,1,0,122,13,0,0
Judith Bunting,Renew,Liberal Democrats,2019-07-02,2020-01-31,197739,2,1,7,0,212,55,30,0
Delara Burkhardt,S&D,Sozialdemokratische Partei Deutschlands,2019-06-02,2024-07-02,197440,4,7,4,0,1231,1054,1170,0
Martin Buschmann,NI,Independent,2019-06-02,2024-07-02,197434,3,0,3,0,922,1052,0,0
Carlo Calenda,Renew,Azione,2019-07-02,2022-10-12,197617,5,4,9,0,593,390,611,0
Marco Campomenosi,ID,Lega,2019-06-02,2024-07-02,35016,5,0,1,0,1209,1686,0,0
Jordi Cañas,Renew,Ciudadanos – Partido de la Ciudadanía,2019-06-02,2024-07-02,126644,10,20,0,7,489,0,558,750
Damien Carême,Greens/EFA,Europe Écologie,2019-06-02,2024-07-02,197574,6,16,3,1,724,396,592,5
Andrea Caroppo,EPP,Forza Italia,2019-07-02,2022-10-12,197797,2,0,5,0,1130,649,0,0
Massimo Casanova,ID,Lega,2019-06-02,2024-07-02,197796,3,0,10,0,692,426,0,0
Anna Cavazzini,Greens/EFA,Bündnis 90/Die Grünen,2019-06-02,2024-07-02,86793,7,6,2,6,896,794,710,614
Susanna Ceccardi,ID,Lega,2019-06-02,2024-07-02,197786,8,0,15,0,447,266,0,0
Sara Cerdas,S&D,Partido Socialista,2019-06-02,2024-07-02,197641,10,2,3,0,552,881,1066,0
Catherine Chabaud,Renew,Mouvement Démocrate,2019-06-02,2024-07-02,197505,8,14,3,0,672,404,455,0
Leila Chaibi,The Left,La France Insoumise,2019-06-02,2024-07-02,197529,3,4,6,0,1125,618,435,0
Mohammed Chahim,S&D,Partij van de Arbeid,2019-06-02,2024-07-02,197782,6,15,5,1,929,464,330,1434
Olivier Chastel,Renew,Mouvement Réformateur,2019-06-02,2024-07-02,197463,5,0,0,0,1271,0,0,0
Ellie Chowns,Greens/EFA,Green Party,2019-07-02,2020-01-31,197714,3,2,11,0,173,74,94,0
Asger Christensen,Renew,"Venstre, Danmarks Liberale Parti",2019-06-02,2024-07-02,197558,10,15,0,2,418,0,314,658
Włodzimierz Cimoszewicz,S&D,Sojusz Lewicy Demokratycznej - Unia Pracy,2019-06-02,2024-07-02,197507,3,2,0,0,1716,0,853,0
Dacian Cioloş,Renew,Reînnoim Proiectul European al României,2019-06-02,2024-07-02,197631,7,8,7,0,524,586,396,0
Tudor Ciuhodaru,NI,Alianța pentru Unirea Românilor,2019-06-02,2024-07-02,197657,3,0,5,0,1113,843,0,0
Miroslav Číž,S&D,SMER-Sociálna demokracia,2019-07-02,2022-12-29,197761,2,1,5,0,1245,491,1275,0
Nathalie Colin-Oesterlé,EPP,Les centristes,2019-06-02,2024-07-02,197536,7,3,1,0,783,1630,1122,0
Gilbert Collard,NI,Divers droite,2019-06-02,2024-07-02,197683,1,1,4,0,1715,882,696,0
Rosanna Conte,ID,Lega,2019-06-02,2024-07-02,197616,3,0,18,0,971,346,0,0
David Cormand,Greens/EFA,Europe Écologie,2019-06-02,2024-07-02,197503,4,16,2,1,1013,1244,582,5
Katalin Cseh,Renew,Momentum,2019-06-02,2024-07-02,197588,6,1,12,0,990,301,1715,0
Ciarán Cuffe,Greens/EFA,Green Party,2019-06-02,2024-07-02,197654,6,0,5,0,931,385,0,0
Josianne Cutajar,S&D,Partit Laburista,2019-06-02,2024-07-02,197394,8,0,23,0,554,329,0,0
Clare Daly,The Left,Independents for change,2019-06-02,2024-07-02,197731,6,0,1,0,1116,1666,0,0
Gianantonio Da Re,ID,Lega,2019-06-02,2024-07-02,197608,5,0,9,0,636,453,0,0
Ivan David,ID,Svoboda a přímá demokracie,2019-06-02,2024-07-02,197556,3,2,3,0,889,1121,344,0
Jérémy Decerle,Renew,Liste L'Europe Ensemble,2019-06-02,2024-07-02,197504,6,13,0,0,908,0,483,0
Gwendoline Delbos-Corfield,Greens/EFA,Europe Écologie,2019-06-02,2024-07-02,197531,4,13,5,0,1215,549,688,0
Belinda De Lucy,NI,The Brexit Party,2019-07-02,2020-01-31,197736,1,0,0,0,193,0,0,0
Özlem Demirel,The Left,DIE LINKE.,2019-06-02,2024-07-02,197468,3,0,6,0,1715,779,0,0
Anna Deparnay-Grunenberg,Greens/EFA,Bündnis 90/Die Grünen,2019-06-02,2024-07-02,197453,6,6,8,3,894,584,710,581
Petra De Sutter,Greens/EFA,Groen,2019-07-02,2020-09-30,197471,6,0,1,0,291,91,0,0
Dinesh Dhamija,Renew,Liberal Democrats,2019-07-02,2020-01-31,197693,6,1,0,0,79,0,30,0
André Jorge Dionísio Bradford,S&D,Partido Socialista,2019-07-02,2019-07-18,197640,3,1,0,0,15,0,16,0
Klára Dobrev,S&D,Demokratikus Koalíció,2019-06-02,2024-07-02,197579,4,16,0,0,904,0,545,0
Christian Doleschal,EPP,Christlich-Soziale Union in Bayern e.V.,2019-06-02,2024-07-02,197473,6,10,6,5,753,889,613,621
Anna Júlia Donáth,Renew,Momentum,2019-06-02,2024-07-02,197595,4,1,11,0,1145,368,1715,0
Francesca Donato,NI,Democrazia Cristiana,2019-06-02,2024-07-02,197822,6,1,10,0,598,985,121,0
Gina Dowding,Greens/EFA,Green Party,2019-07-02,2020-01-31,197613,3,2,14,0,159,75,94,0
Marco Dreosto,ID,Lega,2019-07-02,2022-10-12,197614,3,0,2,0,1035,542,0,0
Jarosław Duda,EPP,Platforma Obywatelska,2019-06-02,2024-07-02,197510,4,3,3,0,1118,795,610,0
Lena Düpont,EPP,Christlich Demokratische Union Deutschlands,2019-06-02,2024-07-02,99945,4,10,11,5,1039,567,613,621
Estrella Durá Ferrandis,S&D,Partido Socialista Obrero Español,2019-06-02,2024-07-02,198329,1,79,0,0,544,0,946,0
Lucia Ďuriš Nicholsonová,Renew,Independent,2019-06-02,2024-07-02,197766,7,1,8,0,817,674,257,0
Karoline Edtstadler,EPP,Österreichische Volkspartei,2019-07-02,2020-01-06,197643,3,1,0,0,187,0,187,0
Engin Eroglu,Renew,Freie Wähler,2019-06-02,2024-07-02,197430,6,1,3,0,837,552,927,0
Agnès Evren,EPP,Les Républicains,2019-07-02,2023-09-23,197535,3,3,2,0,1106,751,1007,0
Gheorghe Falcă,EPP,Partidul Naţional Liberal,2019-06-02,2024-07-02,197649,3,2,22,0,1131,496,842,0
Laurence Farreng,Renew,Mouvement Démocrate,2019-06-02,2024-07-02,197589,4,15,3,0,1087,666,533,0
Nicolaus Fest,ID,Alternative für Deutschland,2019-06-02,2024-07-02,197480,3,2,2,1,1585,1444,230,127
Pietro Fiocchi,ECR,Fratelli d'Italia,2019-06-02,2024-07-02,197607,3,0,7,0,1436,514,0,0
Frances Fitzgerald,EPP,Fine Gael Party,2019-06-02,2024-07-02,197720,3,0,3,0,1115,554,0,0
Valter Flego,Renew,Istarski demokratski sabor - Dieta democratica istriana,2019-06-02,2024-07-02,197419,3,0,8,0,1309,938,0,0
Loucas Fourlas,EPP,Democratic Rally,2019-06-02,2024-07-02,197414,3,0,6,0,1139,1443,0,0
Claire Fox,NI,The Brexit Party,2019-07-02,2020-01-31,197708,1,1,6,0,179,79,193,0
Tomasz Frankowski,EPP,Platforma Obywatelska,2019-06-02,2024-07-02,197513,2,3,14,0,1715,702,610,0
Cindy Franssen,EPP,Christen-Democratisch & Vlaams,2019-06-02,2024-07-02,197455,9,2,1,0,737,192,125,0
Daniel Freund,Greens/EFA,Bündnis 90/Die Grünen,2019-06-02,2024-07-02,106936,8,6,10,3,863,600,709,581
Heléne Fritzon,S&D,Arbetarepartiet- Socialdemokraterna,2019-06-02,2024-07-02,197391,2,59,0,0,49,0,536,0
Niels Fuglsang,S&D,Socialdemokratiet,2019-06-02,2024-07-02,101585,1,29,0,9,185,0,633,488
Mario Furore,NI,Movimento 5 Stelle,2019-06-02,2024-07-02,197795,4,13,14,0,661,294,964,0
Søren Gade,Renew,"Venstre, Danmarks Liberale Parti",2019-07-02,2022-11-14,197555,7,9,0,2,400,0,320,436
Lina Gálvez Muñoz,S&D,Partido Socialista Obrero Español,2019-06-02,2024-07-02,197702,1,79,0,0,702,0,947,0
Claudia Gamon,Renew,NEOS – Das Neue Österreich,2019-06-02,2024-07-02,197632,4,0,2,0,1247,789,0,0
Gianna Gancia,ID,Lega,2019-06-02,2024-07-02,197582,7,0,22,0,833,374,0,0
Ibán García Del Blanco,S&D,Partido Socialista Obrero Español,2019-06-02,2024-07-02,197717,2,80,0,0,371,0,945,0
Isabel García Muñoz,S&D,Partido Socialista Obrero Español,2019-06-02,2024-07-02,197742,1,79,0,0,544,0,947,0
Luis Garicano,Renew,Ciudadanos – Partido de la Ciudadanía,2019-07-02,2022-09-01,197554,5,16,2,7,701,101,451,387
Jean-Paul Garraud,ID,Rassemblement national,2019-06-02,2024-07-02,197628,4,2,0,0,1376,0,715,0
Alexandra Geese,Greens/EFA,Bündnis 90/Die Grünen,2019-06-02,2024-07-02,183916,8,7,8,3,810,624,710,581
Chiara Gemma,ECR,FRATELLI D' ITALIA,2019-06-02,2024-07-02,197794,2,13,9,0,1672,534,848,0
Giorgos Georgiou,The Left,Progressive Party of Working People - Left - New Forces,2019-06-02,2024-07-02,197416,2,0,7,0,1715,1008,0,0
Alexis Georgoulis,NI,Independent,2019-06-02,2024-07-02,197819,10,1,8,0,410,397,759,0
Helmut Geuking,EPP,Familien-Partei Deutschlands,2019-07-02,2024-02-04,197436,4,0,10,0,1076,762,0,0
Cristian Ghinea,Renew,USR-PLUS,2019-07-02,2020-12-22,197661,3,3,6,0,330,397,471,0
Dino Giarrusso,NI,Independent,2019-06-02,2024-07-02,197804,2,11,27,0,1715,167,808,0
Barbara Ann Gibson,Renew,Liberal Democrats,2019-07-02,2020-01-31,197600,4,1,4,0,110,74,30,0
Andreas Glück,Renew,Freie Demokratische Partei,2019-06-02,2024-07-02,197443,8,0,4,1,596,1223,0,1218
Raphaël Glucksmann,S&D,Place publique,2019-06-02,2024-07-02,197694,5,3,2,0,1039,747,591,0
Mónica Silvana González,S&D,Partido Socialista Obrero Español,2019-06-02,2024-07-02,197728,3,76,0,0,455,0,827,0
Nicolás González Casares,S&D,Partido Socialista Obrero Español,2019-06-02,2024-07-02,197718,1,79,0,0,686,0,947,0
Valentino Grant,ID,Lega,2019-06-02,2024-07-02,197799,4,1,8,0,501,483,1230,0
Markéta Gregorová,Greens/EFA,PIRÁTI,2019-06-02,2024-07-02,197549,5,13,2,3,888,1461,274,83
Catherine Griset,ID,Rassemblement national,2019-06-02,2024-07-02,94649,3,2,0,0,1624,0,715,0
Christophe Grudler,Renew,Mouvement Démocrate,2019-06-02,2024-07-02,197557,7,13,4,0,716,897,483,0
Klemen Grošelj,Renew,Gibanje Svoboda,2019-06-02,2024-07-02,197452,2,0,3,0,1708,832,0,0
Elisabetta Gualmini,S&D,Partito Democratico,2019-06-02,2024-07-02,197618,4,7,5,0,1222,528,876,0
Francisco Guerreiro,Greens/EFA,Independente,2019-06-02,2024-07-02,197645,7,0,3,0,918,319,0,0
Bernard Guetta,Renew,Liste Renaissance,2019-06-02,2024-07-02,197543,4,13,0,0,1670,0,483,0
José Gusmão,The Left,Bloco de Esquerda,2019-06-02,2024-07-02,88715,6,0,5,0,837,1081,0,0
Márton Gyöngyösi,NI,Jobbik – Konzervatívok,2019-06-02,2024-07-02,198063,3,0,2,0,1715,1580,0,0
Henrike Hahn,Greens/EFA,Bündnis 90/Die Grünen,2019-06-02,2024-07-02,197457,7,6,4,3,576,355,710,581
Svenja Hahn,Renew,Freie Demokratische Partei,2019-06-02,2024-07-02,197444,10,0,2,1,643,907,0,1218
Roman Haider,ID,Freiheitliche Partei Österreichs,2019-06-02,2024-07-02,198176,1,1,3,0,1702,1520,518,0
Andrzej Halicki,EPP,Platforma Obywatelska,2019-06-02,2024-07-02,197514,4,3,11,0,1286,839,610,0
Teuvo Hakkarainen,ECR,Perussuomalaiset,2019-06-02,2024-07-02,197596,3,0,2,0,1289,1658,0,0
Mircea-Gheorghe Hava,EPP,Partidul Naţional Liberal,2019-06-02,2024-07-02,197646,3,2,1,0,1715,1652,842,0
Valérie Hayer,Renew,Renaissance,2019-06-02,2024-07-02,135511,7,13,1,0,706,1588,483,0
Hannes Heide,S&D,Sozialdemokratische Partei Österreichs,2019-06-02,2024-07-02,197682,6,10,4,0,555,1018,896,0
Eero Heinäluoma,S&D,Suomen Sosialidemokraattinen Puolue/Finlands Socialdemokratiska Parti,2019-06-02,2024-07-02,197800,7,0,3,0,832,641,0,0
Niclas Herbst,EPP,Christlich Demokratische Union Deutschlands,2019-06-02,2024-07-02,197412,2,11,6,5,1129,959,563,621
Pierrette Herzberger-Fofana,Greens/EFA,Bündnis 90/Die Grünen,2019-06-02,2024-07-02,197459,9,9,8,3,519,234,687,581
Martin Hlaváček,Renew,ANO 2011,2019-06-02,2024-07-02,197526,7,1,1,0,705,956,1552,0
Martin Hojsík,Renew,Progresívne Slovensko,2019-06-02,2024-07-02,197770,4,1,1,0,1227,1655,50,0
Antony Hook,Renew,Liberal Democrats,2019-07-02,2020-01-31,197730,2,1,5,0,205,158,30,0
Martin Horwood,Renew,Liberal Democrats,2019-07-02,2020-01-31,197755,3,1,2,3,152,121,30,130
Ivo Hristov,S&D,Bulgarian Socialist Party,2019-06-02,2024-07-02,197846,2,1,4,0,1715,1657,1715,0
Laura Huhtasaari,NI,Perussuomalaiset,2019-07-02,2023-04-11,197594,2,0,2,0,990,688,0,0
Ivars Ijabs,Renew,Attīstībai/Par!,2019-06-02,2024-07-02,197624,2,0,4,0,1685,960,0,0
Stasys Jakeliūnas,Greens/EFA,Independent,2019-06-02,2024-07-02,197837,2,0,5,0,1452,796,0,0
Patryk Jaki,ECR,Solidarna Polska Zbigniewa Ziobro,2019-06-02,2024-07-02,197516,7,2,11,0,608,513,849,0
Adam Jarubas,EPP,Polskie Stronnictwo Ludowe,2019-06-02,2024-07-02,197517,3,3,19,1,1710,670,610,372
Jackie Jones,S&D,Labour Party,2019-07-02,2020-01-31,197758,7,0,2,0,94,56,0,0
Christina Sheila Jordan,NI,The Brexit Party,2019-07-02,2020-01-31,197752,1,0,1,0,157,115,0,0
Virginie Joron,ID,Rassemblement national,2019-06-02,2024-07-02,197627,9,2,1,0,538,490,715,0
Rasa Juknevičienė,EPP,Tėvynės sąjunga-Lietuvos krikščionys demokratai,2019-06-02,2024-07-02,197840,3,3,6,0,1291,1154,947,0
Irena Joveva,Renew,Gibanje Svoboda,2019-06-02,2024-07-02,197447,3,1,8,0,1674,377,759,0
Krzysztof Jurgiel,ECR,Prawo i Sprawiedliwość,2019-06-02,2024-07-02,197518,7,3,19,0,522,539,206,0
Eugen Jurzyca,ECR,Sloboda a Solidarita,2019-06-02,2024-07-02,197767,3,1,14,0,1169,574,257,0
Hervé Juvin,NI,Indépendant,2019-06-02,2024-07-02,197626,3,2,0,0,1485,0,715,0
Marina Kaljurand,S&D,Sotsiaaldemokraatlik Erakond,2019-06-02,2024-07-02,197491,4,1,3,0,952,932,148,0
Radan Kanev,EPP,Democrats for Strong Bulgaria,2019-06-02,2024-07-02,197839,4,0,14,0,992,920,0,0
Assita Kanko,ECR,Nieuw-Vlaamse Alliantie,2019-06-02,2024-07-02,197469,15,0,1,0,375,73,0,0
Pierre Karleskind,Renew,La République en marche,2019-06-02,2024-07-02,197585,6,15,2,0,864,874,464,0
Karin Karlsbro,Renew,Liberalerna,2019-06-02,2024-07-02,197401,12,0,0,0,514,0,0,0
Billy Kelleher,Renew,Fianna Fáil Party,2019-06-02,2024-07-02,197818,3,0,1,0,1670,1314,0,0
Beata Kempa,ECR,Sovereign Poland,2019-06-02,2024-07-02,197519,3,2,9,0,907,1108,849,0
Niyazi Kizilyürek,The Left,Progressive Party of Working People - Left - New Forces,2019-06-02,2024-07-02,197415,4,0,7,0,1305,692,0,0
Izabela-Helena Kloc,ECR,Prawo i Sprawiedliwość,2019-06-02,2024-07-02,197520,4,0,29,0,1085,262,0,0
Ondřej Knotek,Renew,ANO 2011,2019-06-02,2024-07-02,197528,3,1,7,0,1270,579,1552,0
Peter Kofod,ID,Dansk Folkeparti,2019-07-02,2022-11-14,197570,3,0,3,0,554,330,0,0
Łukasz Kohut,S&D,Nowa Lewica,2019-06-02,2024-07-02,197523,7,1,29,0,499,335,1569,0
Arba Kokalari,EPP,Moderaterna,2019-06-02,2024-07-02,197406,6,8,0,0,778,0,517,0
Marcel Kolaja,Greens/EFA,PIRÁTI,2019-06-02,2024-07-02,197546,5,12,7,3,897,510,272,222
Petros Kokkalis,Greens/EFA,KOSMOS,2019-06-02,2024-07-02,197743,4,0,7,0,1272,418,0,0
Mislav Kolakušić,NI,-,2019-06-02,2024-07-02,197438,2,0,7,0,1040,686,0,0
Athanasios Konstantinou,NI,Independent,2019-06-02,2024-07-02,197740,2,0,6,0,1075,896,0,0
Ewa Kopacz,EPP,Platforma Obywatelska,2019-06-02,2024-07-02,197525,6,3,9,0,615,1025,610,0
Joanna Kopcińska,ECR,Prawo i Sprawiedliwość,2019-06-02,2024-07-02,197530,2,0,2,0,1708,1606,0,0
Moritz Körner,Renew,Freie Demokratische Partei,2019-06-02,2024-07-02,197445,6,0,6,1,941,367,0,1218
Elena Kountoura,The Left,Coalition of the Radical Left,2019-06-02,2024-07-02,197699,4,0,3,0,1575,1080,0,0
Maximilian Krah,ID,Alternative für Deutschland,2019-06-02,2024-07-02,197481,4,3,5,0,976,895,254,0
Elżbieta Kruk,ECR,Prawo i Sprawiedliwość,2019-06-02,2024-07-02,197532,7,3,4,0,541,1192,253,0
Andrius Kubilius,EPP,Tėvynės sąjunga-Lietuvos krikščionys demokratai,2019-06-02,2024-07-02,197843,4,3,3,0,1163,1228,947,0
Joachim Kuhs,ID,Alternative für Deutschland,2019-06-02,2024-07-02,197482,5,6,6,0,1028,652,196,0
Stelios Kympouropoulos,EPP,Nea Demokratia,2019-06-02,2024-07-02,197692,5,2,5,0,787,918,422,0
Ioannis Lagos,NI,Independent,2019-06-02,2024-07-02,197737,2,0,6,0,1651,617,0,0
Sergey Lagodinsky,Greens/EFA,Bündnis 90/Die Grünen,2019-06-02,2024-07-02,197460,5,6,3,3,1017,1064,710,581
Aurore Lalucq,S&D,Place publique,2019-06-02,2024-07-02,197697,3,3,3,0,1279,840,591,0
Katrin Langensiepen,Greens/EFA,Bündnis 90/Die Grünen,2019-06-02,2024-07-02,197461,4,6,4,3,1349,831,710,581
Hélène Laporte,ID,Rassemblement national,2019-07-02,2022-07-28,197597,4,2,3,0,618,219,418,0
Pierre Larrouturou,S&D,Nouvelle Donne,2019-06-02,2024-07-02,197698,10,3,2,0,627,235,461,0
Julie Lechanteux,ID,Rassemblement national,2019-07-02,2022-07-28,197686,3,2,3,0,490,564,418,0
David Lega,EPP,Kristdemokraterna,2019-06-02,2024-07-02,197393,11,1,1,0,431,778,1715,0
Maria-Manuel Leitão-Marques,S&D,Partido Socialista,2019-06-02,2024-07-02,197635,8,2,0,0,753,0,1066,0
Sylvia Limmer,ID,Alternative für Deutschland,2019-06-02,2024-07-02,197483,5,3,1,0,937,1007,275,0
Elena Lizzi,ID,Lega,2019-06-02,2024-07-02,197611,3,2,7,0,1292,265,8,0
Nathalie Loiseau,Renew,Liste Renaissance,2019-06-02,2024-07-02,197494,8,13,0,0,730,0,483,0
Naomi Long,Renew,Alliance Party of Northern Ireland,2019-07-02,2020-01-31,197816,3,0,2,0,179,71,0,0
Leopoldo López Gil,EPP,Partido Popular,2019-06-02,2024-07-02,197777,2,11,2,0,1687,1626,817,0
Rupert Lowe,NI,The Brexit Party,2019-07-02,2020-01-31,197759,1,2,0,0,91,0,147,0
César Luena,S&D,Partido Socialista Obrero Español,2019-06-02,2024-07-02,197721,1,79,0,0,742,0,947,0
Benoît Lutgen,EPP,Les Engagés,2019-06-02,2024-07-02,197458,5,0,0,0,1164,0,0,0
Jaak Madison,ID,Eesti Konservatiivne Rahvaerakond,2019-06-02,2024-07-02,197493,3,0,1,0,814,659,0,0
Cristina Maestre Martín De Almagro,S&D,Partido Socialista Obrero Español,2019-06-02,2024-07-02,197719,1,80,0,0,544,0,935,0
Magid Magid,Greens/EFA,Green Party,2019-07-02,2020-01-31,197812,6,3,3,0,122,43,116,0
Pierfrancesco Majorino,S&D,Partito Democratico,2019-07-02,2023-04-04,197592,2,6,8,0,1371,495,647,0
Aušra Seibutytė,EPP,Tėvynės sąjunga-Lietuvos krikščionys demokratai,2019-06-02,2024-07-02,197835,3,0,8,0,998,970,0,0
Adriana Maldonado López,S&D,Partido Socialista Obrero Español,2019-07-02,2023-08-16,197735,1,74,0,0,334,0,893,0
Claudiu Manda,S&D,Partidul Social Democrat,2019-06-02,2024-07-02,197653,6,0,2,0,759,884,0,0
Thierry Mariani,ID,Rassemblement national,2019-06-02,2024-07-02,197623,3,3,0,0,1464,0,517,0
Erik Marquardt,Greens/EFA,Bündnis 90/Die Grünen,2019-06-02,2024-07-02,197462,8,6,10,6,794,296,710,625
Margarida Marques,S&D,Partido Socialista,2019-06-02,2024-07-02,197638,5,2,0,0,1086,0,1066,0
Pedro Marques,S&D,Partido Socialista,2019-06-02,2024-07-02,197634,4,2,0,0,1593,0,1066,0
Predrag Fred Matić,S&D,Socijaldemokratska partija Hrvatske,2019-06-02,2024-07-02,197441,2,0,3,0,1633,1615,0,0
Radka Maxová,S&D,Independent,2019-06-02,2024-07-02,197522,8,0,6,0,448,508,0,0
Beata Mazurek,ECR,Prawo i Sprawiedliwość,2019-06-02,2024-07-02,197538,8,1,11,0,338,492,215,0
Liudas Mažylis,EPP,Tėvynės sąjunga-Lietuvos krikščionys demokratai,2019-06-02,2024-07-02,197841,2,1,10,0,1107,1196,487,0
Vangelis Meimarakis,EPP,Nea Demokratia,2019-06-02,2024-07-02,197662,4,0,0,0,1084,0,0,0
Karen Melchior,Renew,Independent,2019-06-02,2024-07-02,197567,19,4,1,0,287,138,366,0
Dace Melbārde,EPP,"Partija ""VIENOTĪBA""",2019-06-02,2024-07-02,130256,4,1,5,0,1357,452,759,0
Sven Mikser,S&D,Sotsiaaldemokraatlik Erakond,2019-06-02,2024-07-02,197497,3,1,5,0,1368,363,148,0
Giuseppe Milazzo,ECR,Fratelli d'Italia,2019-06-02,2024-07-02,197824,2,1,63,0,946,122,160,0
Leszek Miller,S&D,Independent,2019-06-02,2024-07-02,197540,3,2,14,0,569,901,853,0
Silvia Modig,The Left,Vasemmistoliitto,2019-06-02,2024-07-02,197805,7,0,0,0,675,0,0,0
Shaffaq Mohammed,Renew,Liberal Democrats,2019-07-02,2020-01-31,197811,3,1,7,0,112,30,30,0
Brian Monteith,NI,The Brexit Party,2019-07-02,2020-01-31,197704,1,1,0,0,151,0,193,0
Dolors Montserrat,EPP,Partido Popular,2019-06-02,2024-07-02,197711,6,12,4,0,539,515,803,0
Marlene Mortler,EPP,Christlich-Soziale Union in Bayern e.V.,2019-06-02,2024-07-02,197427,2,11,7,5,1585,901,576,621
Dan-Ştefan Motreanu,EPP,Partidul Naţional Liberal,2019-06-02,2024-07-02,197647,6,5,6,1,681,434,566,301
Andżelika Anna Możdżanowska,ECR,Prawo i Sprawiedliwość,2019-06-02,2024-07-02,197541,6,1,5,0,564,594,215,0
Lucy Nethsingha,Renew,Liberal Democrats,2019-07-02,2020-01-31,197604,2,1,5,0,189,89,30,0
Hannah Neumann,Greens/EFA,Bündnis 90/Die Grünen,2019-06-02,2024-07-02,197464,6,6,7,3,1104,458,710,581
Niklas Nienass,Greens/EFA,Bündnis 90/Die Grünen,2019-06-02,2024-07-02,197465,10,8,6,3,619,524,724,581
Ville Niinistö,Greens/EFA,Vihreä liitto,2019-06-02,2024-07-02,197802,4,0,4,1,1223,381,0,217
Lefteris Nikolaou-Alavanos,NI,Communist Party of Greece,2019-06-02,2024-07-02,197734,2,0,5,0,1685,1150,0,0
Grace O'sullivan,Greens/EFA,Green Party,2019-06-02,2024-07-02,197889,6,0,4,0,797,817,0,0
Janina Ochojska,EPP,Independent,2019-06-02,2024-07-02,197542,4,2,10,0,963,542,842,0
Jan-Christoph Oetjen,Renew,Freie Demokratische Partei,2019-06-02,2024-07-02,197432,9,0,4,1,667,714,0,1218
Juozas Olekas,S&D,Lietuvos socialdemokratų partija,2019-06-02,2024-07-02,197838,4,0,18,0,824,1023,0,0
Philippe Olivier,ID,Rassemblement national,2019-06-02,2024-07-02,197687,8,8,1,0,458,18,445,0
Henrik Overgaard Nielsen,NI,The Brexit Party,2019-07-02,2020-01-31,197712,1,0,5,0,206,93,0,0
Alessandro Panza,ID,Lega,2019-06-02,2024-07-02,99283,5,3,6,0,572,739,415,0
Jutta Paulus,Greens/EFA,Bündnis 90/Die Grünen,2019-06-02,2024-07-02,197466,7,6,4,3,865,744,710,581
Kris Peeters,EPP,Christen-Democratisch & Vlaams,2019-07-02,2021-01-11,197420,4,2,0,0,313,0,125,0
Mauri Pekkarinen,Renew,Suomen Keskusta,2019-06-02,2024-07-02,197563,4,0,1,0,1265,1107,0,0
Mikuláš Peksa,Greens/EFA,PIRÁTI,2019-06-02,2024-07-02,197539,3,12,5,3,1544,545,272,83
Tsvetelina Penkova,S&D,Bulgarian Socialist Party,2019-06-02,2024-07-02,197845,4,1,9,0,1123,893,1715,0
Anne-Sophie Pelletier,The Left,La France Insoumise,2019-06-02,2024-07-02,197527,14,4,5,0,397,358,435,0
Sandra Pereira,The Left,Partido Comunista Português,2019-06-02,2024-07-02,197754,3,0,4,0,1083,1211,0,0
Lídia Pereira,EPP,Partido Social Democrata,2019-06-02,2024-07-02,197738,5,6,0,0,1073,0,794,0
Alexandra Louise Rosenfield Phillips,Greens/EFA,Green Party,2019-07-02,2020-01-31,197710,4,2,6,0,112,62,94,0
Alexandra Lesley Phillips,NI,The Brexit Party,2019-07-02,2020-01-31,99461,2,0,0,0,212,0,0,0
Sabrina Pignedoli,NI,Movimento 5 Stelle,2019-06-02,2024-07-02,197619,4,11,2,0,1243,786,1027,0
Manu Pineda,The Left,Izquierda Unida,2019-06-02,2024-07-02,197828,4,17,3,18,121,48,541,572
Maxette Pirbakas,NI,Indépendant,2019-06-02,2024-07-02,197629,8,1,7,0,555,303,696,0
Giuliano Pisapia,S&D,Independent,2019-06-02,2024-07-02,197590,4,6,0,0,1056,0,807,0
Dragoş Pîslaru,Renew,Reînnoim Proiectul European al României,2019-06-02,2024-07-02,197663,7,4,8,0,814,443,1015,0
Manuel Pizarro,S&D,Partido Socialista,2019-07-02,2022-09-09,197732,3,2,1,0,747,1058,944,0
Jessica Polfjärd,EPP,Moderaterna,2019-06-02,2024-07-02,197404,5,8,0,0,974,0,517,0
Peter Pollák,EPP,Obyčajní ľudia a nezávislé osobnosti,2019-06-02,2024-07-02,197765,2,3,6,0,1716,316,643,0
Luisa Porritt,Renew,Liberal Democrats,2019-07-02,2020-01-31,197700,4,1,3,0,100,85,31,0
Nicola Procaccini,ECR,Fratelli d'Italia,2019-06-02,2024-07-02,197820,4,2,16,0,508,878,691,0
Miroslav Radačovský,NI,Slovak PATRIOT,2019-06-02,2024-07-02,197764,5,0,6,0,704,568,0,0
Samira Rafaela,Renew,Democraten 66,2019-06-02,2024-07-02,197868,12,6,5,0,462,214,494,0
Elżbieta Rafalska,ECR,Prawo i Sprawiedliwość,2019-06-02,2024-07-02,197544,4,1,7,0,805,476,44,0
Annunziata Mary Rees-Mogg,ECR,The Brexit Party,2019-07-02,2020-01-31,197612,1,1,3,0,155,156,57,0
Luisa Regimenti,EPP,Forza Italia,2019-07-02,2023-04-03,197790,6,0,22,0,579,235,0,0
Sira Rego,The Left,Izquierda Unida,2019-07-02,2023-11-20,197681,1,17,0,20,169,0,533,565
Guido Reil,ID,Alternative für Deutschland,2019-06-02,2024-07-02,197488,4,5,15,0,1188,328,190,0
Karlo Ressler,EPP,Hrvatska demokratska zajednica,2019-06-02,2024-07-02,197413,6,1,5,0,726,942,361,0
Diana Riba I Giner,Greens/EFA,Esquerra Republicana de Catalunya,2019-06-02,2024-07-02,197832,7,2,4,1,818,334,586,56
Antonio Maria Rinaldi,ID,Lega,2019-06-02,2024-07-02,197787,4,4,0,0,1503,0,102,0
Sheila Ritchie,Renew,Liberal Democrats,2019-07-02,2020-01-31,197815,2,1,7,0,145,59,30,0
Jérôme Rivière,NI,Indépendant,2019-06-02,2024-07-02,197615,7,2,4,0,660,791,408,0
Franco Roberti,S&D,Partito Democratico,2019-06-02,2024-07-02,197801,5,5,5,0,1081,459,975,0
Eugenia Rodríguez Palop,The Left,PODEMOS,2019-06-02,2024-07-02,197785,5,5,7,4,834,514,760,651
Sándor Rónai,S&D,Demokratikus Koalíció,2019-06-02,2024-07-02,197584,3,17,1,2,947,726,602,521
Rob Rooken,ECR,Independent,2019-06-02,2024-07-02,197776,1,11,0,1,1715,0,435,523
Daniela Rondinelli,S&D,Partito Democratico,2019-06-02,2024-07-02,197792,3,14,7,0,1123,404,695,0
Caroline Roose,Greens/EFA,Europe Écologie,2019-06-02,2024-07-02,197506,5,15,4,1,963,451,558,5
Robert Roos,ECR,Independent,2019-06-02,2024-07-02,197709,2,11,0,1,1292,0,435,523
André Rougé,ID,Rassemblement national,2019-06-02,2024-07-02,197690,8,2,3,0,377,428,715,0
Catherine Rowett,Greens/EFA,Green Party,2019-07-02,2020-01-31,197602,2,2,6,0,212,75,94,0
Bert-Jan Ruissen,ECR,Staatkundig Gereformeerde Partij,2019-06-02,2024-07-02,197773,5,0,8,0,797,651,0,0
Domènec Ruiz Devesa,S&D,Partido Socialista Obrero Español,2019-06-02,2024-07-02,127096,1,81,0,0,621,0,933,0
Bogdan Rzońca,ECR,Prawo i Sprawiedliwość,2019-06-02,2024-07-02,197545,2,1,28,0,1708,521,1715,0
Nacho Sánchez Amor,S&D,Partido Socialista Obrero Español,2019-06-02,2024-07-02,197722,1,80,0,0,759,0,935,0
Isabel Santos,S&D,Partido Socialista,2019-06-02,2024-07-02,197650,7,2,1,0,664,1533,1066,0
Silvia Sardone,ID,Lega,2019-06-02,2024-07-02,197578,5,0,15,0,727,217,0,0
Mounir Satouri,Greens/EFA,Europe Écologie,2019-06-02,2024-07-02,197500,3,16,3,1,1472,323,567,5
Andreas Schieder,S&D,Sozialdemokratische Partei Österreichs,2019-06-02,2024-07-02,197670,5,7,5,0,665,283,1041,0
Simone Schmiedtbauer,EPP,Österreichische Volkspartei,2019-07-02,2023-10-16,197656,8,0,4,0,696,309,0,0
Nicolas Schmit,S&D,Parti ouvrier socialiste luxembourgeois,2019-07-02,2019-11-30,197428,2,0,0,0,143,0,0,0
Christine Schneider,EPP,Christlich Demokratische Union Deutschlands,2019-06-02,2024-07-02,197422,8,13,10,5,613,463,580,621
Liesje Schreinemacher,Renew,Volkspartij voor Vrijheid en Democratie,2019-07-02,2022-01-09,197869,4,5,0,0,631,0,498,0
Ralf Seekatz,EPP,Christlich Demokratische Union Deutschlands,2019-06-02,2024-07-02,197425,4,13,9,5,978,638,580,621
Stéphane Séjourné,Renew,La République en marche,2019-07-02,2024-01-11,197508,6,13,1,0,658,215,460,0
Nico Semsrott,Greens/EFA,Independent,2019-06-02,2024-07-02,197423,4,1,1,0,785,194,372,0
Monica Semedo,Renew,Fokus,2019-06-02,2024-07-02,197418,11,3,0,0,460,0,367,0
Günther Sidl,S&D,Sozialdemokratische Partei Österreichs,2019-06-02,2024-07-02,197677,2,7,6,0,813,844,1041,0
Radosław Sikorski,EPP,Platforma Obywatelska,2019-07-02,2023-12-12,197548,6,3,2,0,694,1564,580,0
Michal Šimečka,Renew,Progresívne Slovensko,2019-07-02,2023-10-24,103746,4,0,1,0,829,1057,0,0
Sven Simon,EPP,Christlich Demokratische Union Deutschlands,2019-06-02,2024-07-02,197426,8,10,9,5,552,339,613,621
Ivan Vilibor Sinčić,NI,KLJUČ Hrvatske,2019-06-02,2024-07-02,197935,6,1,26,0,646,183,45,0
Sara Skyttedal,EPP,EPP,2019-06-02,2024-07-02,197390,8,0,0,0,695,0,0,0
Andrey Slabakov,ECR,VMRO,2019-06-02,2024-07-02,197849,3,3,15,1,981,1045,1033,281
Massimiliano Smeriglio,S&D,Partito Democratico,2019-06-02,2024-07-02,197791,6,5,9,0,956,484,1028,0
Susana Solís Pérez,Renew,Ciudadanos – Partido de la Ciudadanía,2019-06-02,2024-07-02,197784,9,20,3,7,524,215,558,750
Tomislav Sokol,EPP,Hrvatska demokratska zajednica,2019-06-02,2024-07-02,197417,5,1,4,0,882,630,1686,0
Sylwia Spurek,Greens/EFA,Independent,2019-06-02,2024-07-02,197550,9,0,23,0,314,232,0,0
Raffaele Stancanelli,ECR,Fratelli d'Italia,2019-06-02,2024-07-02,197825,4,3,30,0,397,355,863,0
Louis Stedman-Bryce,NI,Independent,2019-07-02,2020-01-31,197814,3,0,0,0,125,0,0,0
Nicolae Ştefănuță,Greens/EFA,Independent,2019-06-02,2024-07-02,58766,4,3,10,0,1353,675,802,0
Jessica Stegrud,ECR,Sverigedemokraterna,2019-07-02,2022-09-25,197399,6,3,0,1,525,0,221,575
Ramona Strugariu,Renew,Reînnoim Proiectul European al României,2019-06-02,2024-07-02,134605,3,3,12,0,1715,502,860,0
Beata Szydło,ECR,Prawo i Sprawiedliwość,2019-06-02,2024-07-02,197553,3,0,3,0,1482,690,0,0
Annalisa Tardino,ID,Lega,2019-06-02,2024-07-02,197806,3,0,35,0,1142,230,0,0
Vera Tax,S&D,Partij van de Arbeid,2019-06-02,2024-07-02,197756,6,15,2,1,812,672,330,1434
John David Edward Tennant,NI,The Brexit Party,2019-07-02,2020-01-31,197705,1,1,2,0,52,112,86,0
Cristian Terheş,ECR,Partidului Național Conservator Român (PNCR),2019-06-02,2024-07-02,197655,4,2,2,0,1098,746,263,0
Barbara Thaler,EPP,Österreichische Volkspartei,2019-06-02,2024-07-02,197667,4,0,5,0,1276,426,0,0
Irene Tinagli,S&D,Partito Democratico,2019-06-02,2024-07-02,197591,7,4,2,0,715,940,1153,0
Tomas Tobé,EPP,Moderaterna,2019-06-02,2024-07-02,197402,13,8,0,0,441,0,517,0
Grzegorz Tobiszowski,ECR,Prawo i Sprawiedliwość,2019-06-02,2024-07-02,197559,5,1,8,0,732,819,42,0
Irène Tolleret,Renew,Liste Renaissance,2019-06-02,2024-07-02,197547,5,13,0,0,1208,0,483,0
Eugen Tomac,EPP,Partidul Mișcarea Populară,2019-06-02,2024-07-02,197672,5,2,4,0,1118,634,842,0
Edina Tóth,NI,Fidesz-Magyar Polgári Szövetség-Kereszténydemokrata Néppárt,2019-06-02,2024-07-02,27714,5,6,0,0,1102,0,918,0
Marie Toussaint,Greens/EFA,Europe Écologie,2019-06-02,2024-07-02,97236,6,14,3,0,1006,163,661,0
Isabella Tovaglieri,ID,Lega,2019-06-02,2024-07-02,197580,6,2,16,0,694,284,8,0
Véronique Trillet-Lenoir,Renew,Liste Renaissance,2019-07-02,2023-08-09,197593,4,10,0,0,959,0,522,0
László Trócsányi,NI,Fidesz-Magyar Polgári Szövetség-Kereszténydemokrata Néppárt,2019-06-02,2024-07-02,197894,4,6,2,0,1053,127,918,0
Dragoş Tudorache,Renew,Reînnoim Proiectul European al României,2019-06-02,2024-07-02,197665,7,4,1,0,844,1476,676,0
Mihai Tudose,S&D,Partidul Social Democrat,2019-06-02,2024-07-02,198183,3,0,6,0,1104,1245,0,0
Milan Uhrík,NI,Hnutie Republika,2019-06-02,2024-07-02,197763,2,0,10,0,936,755,0,0
Nils Ušakovs,S&D,"""Saskaņa"" sociāldemokrātiskā partija",2019-06-02,2024-07-02,197810,2,0,8,0,1715,730,0,0
Tom Vandendriessche,ID,Vlaams Belang,2019-06-02,2024-07-02,185771,2,10,0,0,52,0,814,0
Marie-Pierre Vedrenne,Renew,Mouvement Démocrate,2019-06-02,2024-07-02,197502,10,13,0,0,546,0,483,0
Idoia Villanueva Ruiz,The Left,PODEMOS,2019-06-02,2024-07-02,197827,4,5,4,5,986,527,759,584
Nikolaj Villumsen,The Left,Enhedslisten,2019-06-02,2024-07-02,197571,8,0,3,0,596,448,0,0
Loránt Vincze,EPP,Uniunea Democrată Maghiară din România,2019-06-02,2024-07-02,98582,4,3,5,0,1211,774,681,0
Petar Vitanov,S&D,Bulgarian Socialist Party,2019-06-02,2024-07-02,197844,3,1,7,0,1140,1294,1715,0
Caroline Voaden,Renew,Liberal Democrats,2019-07-02,2020-01-31,197749,2,1,1,0,205,51,30,0
Viola Von Cramon-Taubadel,Greens/EFA,Bündnis 90/Die Grünen,2019-06-02,2024-07-02,197451,6,6,5,3,990,842,710,581
Bettina Vollath,S&D,Sozialdemokratische Partei Österreichs,2019-07-02,2022-10-09,197678,5,6,2,0,504,575,867,0
Alexandr Vondra,ECR,Občanská demokratická strana,2019-06-02,2024-07-02,197537,3,1,8,0,1489,415,544,0
Irina Von Wiese,Renew,Liberal Democrats,2019-07-02,2020-01-31,197625,4,1,1,0,155,66,30,0
Lucia Vuolo,EPP,Forza Italia,2019-06-02,2024-07-02,197798,3,0,21,0,876,386,0,0
Veronika Vrecionová,ECR,Občanská demokratická strana,2019-06-02,2024-07-02,197552,2,2,5,0,1274,1241,461,0
Maria Walsh,EPP,Fine Gael Party,2019-06-02,2024-07-02,197863,9,2,7,0,563,94,716,0
Mick Wallace,The Left,Independents for change,2019-06-02,2024-07-02,197817,5,0,4,0,969,740,0,0
Marion Walsmann,EPP,Christlich Demokratische Union Deutschlands,2019-06-02,2024-07-02,197429,5,14,13,5,1097,545,543,621
Jörgen Warborn,EPP,Moderaterna,2019-06-02,2024-07-02,197405,7,8,1,0,712,171,517,0
Witold Jan Waszczykowski,ECR,Prawo i Sprawiedliwość,2019-06-02,2024-07-02,197566,6,1,8,0,684,1320,686,0
Charlie Weimers,ECR,Sverigedemokraterna,2019-06-02,2024-07-02,123562,7,4,0,1,738,0,276,575
Pernille Weiss,EPP,Det Konservative Folkeparti,2019-06-02,2024-07-02,197515,12,0,6,0,465,159,0,0
Sarah Wiener,Greens/EFA,Die Grünen - Die Grüne Alternative,2019-06-02,2024-07-02,197675,12,0,4,0,513,772,0,0
Michal Wiezik,Renew,Progresívne Slovensko,2019-06-02,2024-07-02,197769,3,1,9,0,1499,459,50,0
Angelika Winzig,EPP,Österreichische Volkspartei,2019-06-02,2024-07-02,197652,6,0,3,0,1082,648,0,0
Isabel Wiseler-Lima,EPP,Parti chrétien social luxembourgeois,2019-06-02,2024-07-02,197421,9,0,0,0,604,0,0,0
Salima Yenbou,Renew,Renaissance,2019-06-02,2024-07-02,197511,9,22,6,0,554,557,359,0
Elena Yoncheva,S&D,Bulgarian Socialist Party,2019-06-02,2024-07-02,197842,5,1,3,0,749,1082,1715,0
Stéphanie Yon-Courtin,Renew,Liste Renaissance,2019-06-02,2024-07-02,197581,9,13,7,0,477,342,483,0
Chrysoula Zacharopoulou,Renew,La République en marche,2019-07-02,2022-05-19,197499,5,8,0,0,685,0,451,0
Anna Zalewska,ECR,Prawo i Sprawiedliwość,2019-06-02,2024-07-02,197572,6,1,12,0,764,563,182,0
Stefania Zambelli,EPP,Forza Italia,2019-06-02,2024-07-02,197586,6,0,16,0,457,339,0,0
Javier Zarzalejos,EPP,Partido Popular,2019-06-02,2024-07-02,197606,3,11,2,0,1205,1617,817,0
Bernhard Zimniok,ID,Alternative für Deutschland,2019-06-02,2024-07-02,197489,4,3,1,0,1155,207,275,0
Juan Ignacio Zoido Álvarez,EPP,Partido Popular,2019-06-02,2024-07-02,197621,3,11,2,0,1124,286,817,0
Robert Hajšel,S&D,Independent,2019-06-02,2024-07-02,34578,8,1,2,0,489,173,1565,0
Ondřej Kovařík,Renew,ANO 2011,2019-06-02,2024-07-02,118949,8,1,4,0,649,675,1552,0
Lara Wolters,S&D,Partij van de Arbeid,2019-07-04,2024-07-02,5392,7,15,2,1,701,379,330,1434
Emmanouil Fragkos,ECR,Elliniki Lusi-Greek Solution,2019-07-10,2024-07-02,198490,5,0,27,0,624,261,0,0
Isabel Carvalhais,S&D,Partido Socialista,2019-09-03,2024-07-02,199996,3,4,1,0,1621,253,746,0
Sunčana Glavak,EPP,Hrvatska demokratska zajednica,2019-12-01,2024-07-02,202036,6,0,6,0,716,461,0,0
Gheorghe-Vlad Nistor,EPP,Partidul Naţional Liberal,2019-12-02,2024-07-02,202112,3,1,3,1,1202,1488,1485,301
Marc Angel,S&D,Parti ouvrier socialiste luxembourgeois,2019-12-10,2024-07-02,202073,6,2,0,0,752,0,716,0
Antoni Comín I Oliveres,NI,Junts per Catalunya - Lliures per Europa,2019-06-02,2024-07-02,202352,2,3,1,3,1349,1197,684,305
Carles Puigdemont I Casamajó,NI,Junts per Catalunya - Lliures per Europa,2019-06-02,2024-07-02,202351,3,3,0,3,970,0,684,305
Christian Sagartz,EPP,Österreichische Volkspartei,2020-01-23,2024-07-02,204368,8,4,8,0,370,382,354,0
Barry Andrews,Renew,Fianna Fáil Party,2020-02-01,2024-07-02,204332,6,0,5,0,521,571,0,0
Alviina Alametsä,Greens/EFA,Vihreä liitto,2020-02-01,2024-07-02,204335,6,0,8,0,772,308,0,0
Ilana Cicurel,Renew,Liste Renaissance,2020-02-01,2024-07-02,204416,5,11,4,0,782,169,503,0
Salvatore De Meo,EPP,Forza Italia,2020-02-01,2024-07-02,204333,4,0,19,0,767,345,0,0
Claude Gruffat,Greens/EFA,Europe Écologie,2020-02-01,2024-07-02,204420,7,11,2,0,690,366,584,0
Sandro Gozi,Renew,Liste Renaissance,2020-02-01,2024-07-02,204419,10,11,0,0,610,0,503,0
Miriam Lexmann,EPP,Kresťanskodemokratické hnutie,2020-02-01,2024-07-02,204336,3,1,5,0,1097,949,361,0
Jean-Lin Lacapelle,ID,Rassemblement national,2020-02-01,2024-07-02,204421,5,1,1,0,847,627,734,0
Romana Jerković,S&D,Socijaldemokratska partija Hrvatske,2020-02-01,2024-07-02,112747,5,0,5,0,654,445,0,0
Nora Mebarek,S&D,Parti socialiste,2020-02-01,2024-07-02,204418,2,3,4,0,1482,479,457,0
Clara Ponsatí Obiols,NI,Junts per Catalunya - Lliures per Europa,2020-02-01,2024-07-02,204443,6,0,1,0,772,467,0,0
Marcos Ros Sempere,S&D,Partido Socialista Obrero Español,2020-02-01,2024-07-02,204413,1,64,0,0,742,0,1004,0
Vincenzo Sofo,ECR,Fratelli d'Italia,2020-02-01,2024-07-02,204334,5,2,7,0,546,739,198,0
Linea Søgaard-Lidell,Renew,"Venstre, Danmarks Liberale Parti",2020-02-01,2022-11-14,204331,5,8,0,2,503,0,316,321
Dominik Tarczyński,ECR,Prawo i Sprawiedliwość,2020-02-01,2024-07-02,204346,3,0,2,0,910,1444,0,0
Riho Terras,EPP,Isamaa,2020-02-01,2024-07-02,204449,3,0,3,0,1482,410,0,0
Adrián Vázquez Lázara,Renew,Ciudadanos – Partido de la Ciudadanía,2020-02-01,2024-07-02,204400,4,18,0,7,1068,0,585,750
Bart Groothuis,Renew,Volkspartij voor Vrijheid en Democratie,2020-02-01,2024-07-02,197780,6,1,0,0,662,0,698,0
Dorien Rookmaker,ECR,Meer Directe Democratie,2020-02-01,2024-07-02,204733,5,0,1,0,735,228,0,0
Chris Macmanus,The Left,Sinn Féin,2020-03-06,2024-07-02,205452,7,0,6,0,632,686,0,0
Manuela Ripa,Greens/EFA,Ökologisch-Demokratische Partei,2020-07-16,2024-07-02,206158,15,0,8,0,295,310,0,0
Sara Matthieu,Greens/EFA,Groen,2020-10-08,2024-07-02,208722,4,0,0,0,1121,0,0,0
Cyrus Engerer,S&D,Partit Laburista,2020-11-05,2024-07-02,209091,10,0,12,0,394,682,0,0
Vlad Gheorghe,Renew,Independent,2020-11-10,2024-07-02,209140,5,1,9,0,673,689,1126,0
Colm Markey,EPP,Fine Gael Party,2020-11-20,2024-07-02,209896,6,0,12,0,402,139,0,0
Emma Wiesner,Renew,Centerpartiet,2021-02-04,2024-07-02,214839,7,0,0,0,593,0,0,0
Ernő Schaller-Baross,NI,Fidesz-Magyar Polgári Szövetség-Kereszténydemokrata Néppárt,2021-01-10,2024-07-02,213330,4,4,2,0,693,1076,922,0
Alin Mituța,Renew,Reînnoim Proiectul European al României,2020-12-28,2024-07-02,212855,4,5,7,0,763,503,318,0
Michiel Hoogeveen,ECR,JA21,2021-04-15,2024-07-02,218349,5,2,0,0,744,0,94,0
Thijs Reuten,S&D,Partij van de Arbeid,2021-04-15,2024-07-02,218347,6,9,1,1,534,190,377,1044
Ladislav Ilčić,ECR,Hrvatski suverenisti,2021-07-01,2024-07-02,221463,4,0,7,0,596,259,0,0
Karolin Braunsberger-Reinhold,EPP,Christlich Demokratische Union Deutschlands,2021-10-07,2024-07-02,226260,7,8,3,4,282,579,440,464
Karsten Lucke,S&D,Sozialdemokratische Partei Deutschlands,2022-01-11,2024-07-02,228286,2,7,1,0,792,766,510,0
Malte Gallée,NI,Bündnis 90/Die Grünen,2021-12-22,2024-03-10,229352,7,6,7,1,377,185,437,645
Catharina Rinzema,Renew,Volkspartij voor Vrijheid en Democratie,2022-01-18,2024-07-02,229519,3,2,0,0,712,0,621,0
René Repasi,S&D,Sozialdemokratische Partei Deutschlands,2022-02-02,2024-07-02,229839,5,7,3,0,446,666,494,0
Camilla Laureti,S&D,Partito Democratico,2022-01-12,2024-07-02,230085,3,4,3,0,736,549,553,0
Matjaž Nemec,S&D,Socialni demokrati,2022-05-18,2024-07-02,233862,4,0,6,0,302,414,0,0
Max Orville,Renew,Mouvement Démocrate,2022-05-20,2024-07-02,234344,5,8,1,0,397,490,315,0
Eric Minardi,ID,Rassemblement national,2022-07-29,2024-07-02,236051,3,1,1,0,325,466,531,0
Patricia Chagnon,ID,Rassemblement national,2022-07-29,2024-07-02,236052,2,7,3,0,170,118,381,0
Marina Mesure,The Left,La France Insoumise,2022-07-29,2024-07-02,236053,3,0,1,0,549,405,0,0
Marie Dauchy,ID,Rassemblement national,2022-07-29,2024-07-02,236050,5,1,3,0,263,476,531,0
João Albuquerque,S&D,Partido Socialista,2022-09-13,2024-07-02,237224,5,2,1,0,365,212,453,0
Eva Maria Poptcheva,Renew,Ciudadanos – Partido de la Ciudadanía,2022-09-15,2024-07-02,237320,4,9,0,5,397,0,423,486
Matthias Ecke,S&D,Sozialdemokratische Partei Deutschlands,2022-10-03,2024-07-02,237465,3,7,2,0,413,490,318,0
Theresa Bielowski,S&D,Sozialdemokratische Partei Österreichs,2022-10-10,2024-07-02,238674,4,5,1,0,335,229,391,0
Johan Nissinen,ECR,Sverigedemokraterna,2022-10-11,2024-07-02,238639,2,1,0,0,478,0,155,0
Elisabetta De Blasis,ECR,FRATELLI D' ITALIA,2022-11-02,2024-07-02,239262,2,3,7,0,456,117,130,0
Paola Ghidoni,ID,Lega,2022-11-02,2024-07-02,239256,2,0,4,0,414,422,0,0
Maria Angela Danzì,NI,Movimento 5 Stelle,2022-11-02,2024-07-02,239258,3,2,3,0,329,148,249,0
Denis Nesci,ECR,FRATELLI D' ITALIA,2022-11-02,2024-07-02,239260,5,3,20,0,361,154,178,0
Eleni Stavrou,EPP,Democratic Rally,2022-11-02,2024-07-02,239271,4,0,7,0,358,215,0,0
Matteo Gazzini,EPP,Independent,2022-11-02,2024-07-02,239255,3,0,4,0,414,128,0,0
Achille Variati,S&D,Partito Democratico,2022-11-02,2024-07-02,239257,2,3,4,0,482,309,410,0
Erik Poulsen,Renew,"Venstre, Danmarks Liberale Parti",2022-11-22,2024-07-02,239972,2,4,0,1,442,0,363,419
Bergur Løkke Rasmussen,Renew,Moderaterne,2022-11-22,2024-07-02,239973,5,2,0,1,317,0,265,123
Beatrice Covassi,S&D,Partito Democratico,2022-12-06,2024-07-02,240478,2,3,3,0,426,155,410,0
Maria Veronica Rossi,ID,Lega,2023-04-06,2024-07-02,243912,3,0,15,0,288,130,0,0
Francesca Peppucci,EPP,Forza Italia,2023-04-06,2024-07-02,243979,4,0,8,0,198,143,0,0
Nikos Papandreou,S&D,PASOK-KINAL,2023-05-03,2024-07-02,244571,5,0,1,0,195,162,0,0
Christophe Clergeau,S&D,Parti socialiste,2023-06-02,2024-07-02,245018,3,1,2,0,232,253,270,0
Thomas Rudner,S&D,Sozialdemokratische Partei Deutschlands,2023-07-03,2024-07-02,245858,3,6,2,0,245,228,126,0
Catherine Amalric,Renew,Parti Radical,2023-08-10,2024-07-02,247122,3,7,0,0,193,0,124,0
Anja Haga,EPP,ChristenUnie,2023-09-05,2024-07-02,247709,2,0,4,0,149,106,0,0
Ana Collado Jiménez,EPP,Partido Popular,2023-09-06,2024-07-02,247737,3,0,2,0,107,39,0,0
Laura Ballarín Cereza,S&D,Partido Socialista Obrero Español,2023-09-06,2024-07-02,247735,3,0,0,1,166,0,0,132
Laurence Sailliet,EPP,Les Républicains,2023-09-24,2024-07-02,249284,3,2,0,0,133,0,88,0
Lydie Massard,Greens/EFA,Régions et Peuples Solidaires,2023-09-24,2024-07-02,249285,4,6,1,0,134,105,133,0
Wolfram Pirchner,EPP,Österreichische Volkspartei,2023-10-17,2024-07-02,249443,2,0,0,0,132,0,0,0
Martine Kemp,EPP,Parti chrétien social luxembourgeois,2023-10-24,2024-07-02,249603,3,0,0,0,129,0,0,0
Jozef Mihál,Renew,Independent,2023-10-26,2024-07-02,249826,3,0,1,0,91,33,0,0
Witold Pahl,EPP,Platforma Obywatelska,2023-11-16,2024-07-02,250235,3,1,1,0,101,33,40,0
Włodzimierz Karpiński,EPP,Independent,2023-11-16,2024-07-02,250237,3,1,0,0,57,0,40,0
Rafał Romanowski,ECR,Prawo i Sprawiedliwość,2023-11-29,2024-07-02,250538,2,0,4,0,77,72,0,0
Patricia Caro Maya,The Left,PODEMOS,2023-11-30,2024-07-02,250572,2,0,0,0,59,0,0,0
François Thiollet,Greens/EFA,Europe Écologie,2023-11-30,2024-07-02,250918,3,7,1,0,58,38,64,0
Michael Kauch,Renew,Freie Demokratische Partei,2024-01-01,2024-07-02,251268,3,0,1,0,54,5,0,0
Krzysztof Brejza,EPP,Platforma Obywatelska,2024-01-03,2024-07-02,251324,1,1,6,0,40,21,40,0
Guy Lavocat,Renew,Renaissance,2024-01-12,2024-07-02,251859,2,5,0,0,26,0,38,0
Niels Geuking,EPP,Familien-Partei Deutschlands,2024-02-05,2024-07-02,251874,3,0,0,0,37,0,0,0
Henk Jan Ormel,EPP,Christen Democratisch Appèl,2024-02-27,2024-07-02,253043,3,0,0,0,11,0,0,0
Diane Dodds,NI,Democratic Unionist Party,2019-07-02,2020-01-31,96951,0,0,6,0,0,156,0,0
Andrew England Kerr,NI,Independent,2019-07-02,2020-01-31,197803,0,2,1,0,0,6,187,0
Michael Heaver,NI,The Brexit Party,2019-07-02,2020-01-31,197601,0,1,1,0,0,182,177,0
Alicia Homs Ginel,S&D,Partido Socialista Obrero Español,2019-06-02,2024-07-02,122978,0,79,2,0,0,317,947,0
Aileen Mcleod,Greens/EFA,Scottish National Party,2019-07-02,2020-01-31,30490,0,0,2,0,0,13,0,0
June Alison Mummery,NI,The Brexit Party,2019-07-02,2020-01-31,197603,0,1,1,0,0,111,193,0
Matthew Patten,NI,The Brexit Party,2019-07-02,2020-01-31,197620,0,2,1,0,0,157,193,0
James Wells,NI,The Brexit Party,2019-07-02,2020-01-31,197757,0,1,2,0,0,50,193,0
Esther Sanz Selva,The Left,PODEMOS,2023-12-21,2024-07-02,251249,0,0,2,1,0,13,0,13
Javier Moreno Sánchez,S&D,Partido Socialista Obrero Español,2019-06-02,2024-07-02,28347,0,80,0,0,0,0,935,0
Christel Schaldemose,S&D,Socialdemokratiet,2019-06-02,2024-07-02,37312,0,29,0,9,0,0,640,506
Jytte Guteland,S&D,Arbetarepartiet- Socialdemokraterna,2019-07-02,2022-09-25,124991,0,50,0,0,0,0,438,0
Margrete Auken,Greens/EFA,Socialistisk Folkeparti,2019-06-02,2024-07-02,28161,0,21,0,10,0,0,509,668
Eider Gardiazabal Rubial,S&D,Partido Socialista Obrero Español,2019-06-02,2024-07-02,96991,0,79,0,0,0,0,957,0
Bas Eickhout,Greens/EFA,GroenLinks,2019-06-02,2024-07-02,96725,0,22,0,7,0,0,880,545
Erik Bergkvist,S&D,Arbetarepartiet- Socialdemokraterna,2019-07-02,2024-02-20,197396,0,59,0,0,0,0,529,0
Jorge Buxadé Villalba,ECR,VOX,2019-06-02,2024-07-02,197829,0,24,0,4,0,0,753,188
Johan Danielsson,S&D,Arbetarepartiet- Socialdemokraterna,2019-07-02,2021-11-29,38542,0,40,0,0,0,0,380,0
Martin Edward Daubney,NI,The Brexit Party,2019-07-02,2020-01-31,197760,0,2,0,0,0,0,185,0
Filip De Man,ID,Vlaams Belang,2019-06-02,2024-07-02,197472,0,10,0,0,0,0,814,0
Lance Forman,ECR,The Brexit Party,2019-07-02,2020-01-31,197703,0,1,0,0,0,0,193,0
James Alexander Glancy,NI,The Brexit Party,2019-07-02,2020-01-31,197751,0,1,0,0,0,0,193,0
Ben Habib,NI,The Brexit Party,2019-07-02,2020-01-31,197642,0,1,0,0,0,0,193,0
Pär Holmgren,Greens/EFA,Miljöpartiet de gröna,2019-06-02,2024-07-02,197398,0,26,0,0,0,0,737,0
Evin Incir,S&D,Arbetarepartiet- Socialdemokraterna,2019-06-02,2024-07-02,197392,0,63,0,0,0,0,533,0
Alice Kuhnke,Greens/EFA,Miljöpartiet de gröna,2019-06-02,2024-07-02,197395,0,26,0,0,0,0,737,0
John Longworth,ECR,The Brexit Party,2019-07-02,2020-01-31,197807,0,1,0,0,0,0,193,0
Kira Marie Peter-Hansen,Greens/EFA,Socialistisk Folkeparti,2019-06-02,2024-07-02,197573,0,21,0,9,0,0,509,666
Jake Pugh,NI,The Brexit Party,2019-07-02,2020-01-31,197813,0,2,0,0,0,0,125,0
Robert Rowland,NI,The Brexit Party,2019-07-02,2020-01-31,197733,0,2,0,0,0,0,142,0
Tineke Strik,Greens/EFA,GroenLinks,2019-06-02,2024-07-02,197772,0,22,0,6,0,0,865,590
Hermann Tertsch,ECR,VOX,2019-06-02,2024-07-02,197831,0,24,0,4,0,0,753,188
Kim Van Sparrentak,Greens/EFA,GroenLinks,2019-06-02,2024-07-02,197870,0,22,0,6,0,0,871,590
Ann Widdecombe,NI,The Brexit Party,2019-07-02,2020-01-31,197744,0,1,0,0,0,0,193,0
Richard Tice,NI,The Brexit Party,2019-07-02,2020-01-31,197599,0,2,0,0,0,0,193,0
Marianne Vind,S&D,Socialdemokratiet,2019-06-02,2024-07-02,199941,0,27,0,9,0,0,655,488
Margarita De La Pisa Carrión,ECR,VOX,2020-02-01,2024-07-02,204414,0,20,0,4,0,0,770,188
Ilan De Basso,S&D,Arbetarepartiet- Socialdemokraterna,2021-12-13,2024-07-02,228604,0,40,0,0,0,0,398,0
Carina Ohlsson,S&D,Arbetarepartiet- Socialdemokraterna,2022-09-26,2024-07-02,237779,0,28,0,0,0,0,368,0
